Workbook

Sheet README
B1: DCT Laboratory — Vol I, Ch 7: Dynamic Enterprise Systems
B2: Seed 26107 · Companion to DCT_V1_Ch07_Lab.ipynb and AXIOM Lab 1.7 (module AXIOM-07). Gaps in engineers, readings in index points.
B4: Worked Example 7.1, How Hard Should Meridian Steer Its Hiring?, with the book's declarations, and the five steps of AXIOM Lab 1.7, Steering Meridian Through Time.
B5: Declarations: the hiring loop of Worked Example 7.1, the three-reading company of Equation 3.2, the covenant model of Online Appendix 7.B.2, the start-up's law and the forecastable horizon's inputs.
B6: Clock: the forecastable horizon, the start-up's law against quarterly, monthly and weekly steps, the exponential plan, and which hiring rules are samples of a continuous law (lab step 1).
B7: QuarterlyLaw: the yearly law of Equation 3.2 as quarters (engine matrices), certified by formulas: four quarters reproduce every year end (Proposition 7.2(i)).
B8: Superposition: momentum plus program, year by year, and Figure 7.1's numbers (Theorem 7.2(i); lab step 2).
B9: PolicyMap: the steady state of every held investment by Cramer's rule, the eigenvalues and the half-life of a shock (Theorems 7.3(ii) and 7.4(i); lab step 2).
B10: Disclosure: the rows of the observability matrix, the rank of each case, and how long technology stays uncertain from covenant certificates (Theorem 7.2(iii); Online Appendix 7.B.2; lab step 3).
B11: Gains and Delay: the hiring loop without and with the one-quarter delay, Table 7.4's regimes, Table 7.5 and the deadbeat rule's cycle (Worked Example 7.1, Steps 1-4; lab step 4).
B12: GainBench: every gain through every regime, without and with the delay, and the committee that retunes its rule (Figure 7.2; Online Appendix 7.B.8).
B13: Lyapunov: the series of Remark 7.1 for the delayed hiring loop and the three-reading company, and the health index against a plain scorecard (Theorem 7.4(iii); lab step 5).
... B20: Cross-sheet link: green.

Sheet Declarations
A1: Declarations (Worked Example 7.1, Step 1; Equation 3.2; Online Appendix 7.B.1, 7.B.2, 7.B.4). Gaps in engineers; readings in index points.
A3: Quantity | B3: Value | C3: Source
A4: Share of a gap that carries over each quarter, a | B4: 0.9 | C4: Worked Example 7.1: retraining and internal moves close 10 percent of any gap
A5: Share of approved hires productive within the quarter, b | B5: 0.6 | C5: Worked Example 7.1
A6: Starting gap, bench minus target (engineers) | B6: -100 | C6: Meridian's bench is 100 engineers short of target
A7: Cautious gain | B7: 0.5 | C7: Table 7.5
A8: Moderate gain | B8: 1 | C8: Figure 7.3
A9: Deadbeat gain, a / b | B9: =Carry_a/Hire_b -> 1.5 | C9: Worked Example 7.1, Step 2: 1.5
A10: Aggressive gain | B10: 2.5 | C10: Figures 7.2 and 7.3
A11: Overcorrecting gain | B11: 3.5 | C11: Table 7.5
A12: A gain beyond the limit with the delay | B12: 1.8 | C12: Figure 7.2
A13: Gain at which the delayed roots merge, a^2 / (4b) | B13: =Carry_a^2/(4*Hire_b) -> 0.3375 | C13: Online Appendix 7.B.7: 0.81/2.4
A14: Tolerance band (engineers) | B14: 10 | C14: Worked Example 7.1, Step 4
A15: Tighter band (engineers) | B15: 5 | C15: Online Appendix 7.B.7
A16: Committee's retuning intensity, eta | B16: 3.5 | C16: Online Appendix 7.B.8
A17: Committee's starting gain | B17: =Gain_cautious -> 0.5 | C17: The cautious gain
A19: Equation 3.2: the three-reading company, yearly | B19: capability | C19: technology | D19: efficiency
A20: A, capability row | B20: 0.9 | C20: 0.05 | D20: 0
A21: A, technology row | B21: 0.1 | C21: 0.85 | D21: 0
A22: A, efficiency row | B22: 0.05 | C22: 0.1 | D22: 0.8
A23: B: capability investment builds capability and the platform | B23: 0.6 | C23: 0.3 | D23: 0
A24: Today, x0 | B24: 50 | C24: 40 | D24: 60
A25: Held investment of Figure 7.1, a year | B25: 8
A26: Investment in Section 3.4's one-year step | B26: 10
A28: Online Appendix 7.B.2: the covenant model, quarterly | B28: liquidity | C28: leverage | D28: capability | E28: technology
A29: A, liquidity row | B29: 0.95 | C29: 0 | D29: 0.04 | E29: 0
A30: A, leverage row | B30: 0 | C30: 0.9 | D30: 0 | E30: 0
A31: A, capability row | B31: 0 | C31: 0 | D31: 0.9 | E31: 0.05
A32: A, technology row | B32: 0 | C32: 0 | D32: 0 | E32: 0.92
A33: Case 2: capability's response to technology | B33: 0 | C33: Technology feeds nothing (the entry 0.05 becomes 0)
A34: Error on each reported number (one unit) | B34: 1
A36: Proposition 7.4: the start-up's logistic law | B36: Value | C36: Source
A37: Growth rate while small, r (a year) | B37: 0.9 | C37: Online Appendix 7.B.4
A38: Market wall, kappa | B38: 100 | C38: Figure 5.3
A39: Users today, x0 | B39: 2 | C39: Chapter 5's start-up
A41: Section 7.3: the forecastable horizon | B41: Value | C41: Source
A42: Measurement error on capability (points) | B42: 5 | C42: Table 5.2: skills survey
A43: Tolerance the decisions need (points) | B43: 15 | C43: Section 7.3
A44: Sensitivity of the capability dynamics, L (a year) | B44: 0.5 | C44: Section 7.3
A46: Hiring loop: d' = a d + b u under the rule u = -gamma d; with the delay d' = a d + b u_(k-1), nothing in the pipeline at the start. The other models are declared yearly (Equation 3.2) and quarterly (Online Appendix 7.B.2).

Sheet Clock
A1: Check the clock: how far a model can see, and the start-up's law against its steps (Theorem 7.1(ii); Proposition 7.2; Online Appendix 7.B.1, 7.B.4; AXIOM Lab 1.7, step 1)
A3: Forecastable horizon (Online Appendix 7.B.1) | B3: Value | C3: Reading | H3: Proposition 7.2(iii): the hiring rules | I3: Gain | J3: Closed-loop coefficient a - b gamma | K3: Continuous rate ln(coefficient), a quarter
A4: Horizon (1/L) ln(tolerance / error), years | B4: =LN(Tol_tau/Err_0)/Sens_L -> 2.1972246 | C4: 2 ln 3 = 2.2 years | H4: cautious | I4: =Gain_cautious -> 0.5 | J4: =Carry_a-Hire_b*I4 -> 0.6 | K4: =IF(J4>0.000000000001,LN(J4),"none: no continuous law") -> -0.51082562
A5: Halving the measurement error adds, years | B5: =LN(2)/Sens_L -> 1.3862944 | C5: 1.4 years | H5: moderate | I5: =Gain_moderate -> 1 | J5: =Carry_a-Hire_b*I5 -> 0.3 | K5: =IF(J5>0.000000000001,LN(J5),"none: no continuous law") -> -1.2039728
A6: Dynamics twice as fast: the horizon, years | B6: =B4/2 -> 1.0986123 | C6: Doubling the speed halves the horizon | H6: deadbeat | I6: =Gain_deadbeat -> 1.5 | J6: =Carry_a-Hire_b*I6 -> 0 | K6: =IF(J6>0.000000000001,LN(J6),"none: no continuous law") -> none: no continuous law
H7: aggressive | I7: =Gain_aggressive -> 2.5 | J7: =Carry_a-Hire_b*I7 -> -0.6 | K7: =IF(J7>0.000000000001,LN(J7),"none: no continuous law") -> none: no continuous law
A8: The start-up's law (Online Appendix 7.B.4) | B8: Value | C8: Reading | H8: overcorrecting | I8: =Gain_over -> 3.5 | J8: =Carry_a-Hire_b*I8 -> -1.2 | K8: =IF(J8>0.000000000001,LN(J8),"none: no continuous law") -> none: no continuous law
A9: Doubling time while small, (ln 2) / r, years | B9: =LN(2)/Rate_r -> 0.77016353 | C9: about 0.77 years, nine months
A10: Inflection date, ln((kappa - x0) / x0) / r, years | B10: =LN((Kappa-Users_x0)/Users_x0)/Rate_r -> 4.3242448 | C10: growth peaks at 50 after 4.3 years | H10: A coefficient that is zero or negative is the sample of no continuous law: such rules belong to decisions taken at review dates and held in between (Online Appendix 7.B.4's reading).
A11: A quarter's growth while small: the law, e^(r/4) - 1 | B11: =EXP(Rate_r/4)-1 -> 0.25232272 | C11: exact discretization (Equation 7.2): about 25 percent
A12: A quarter's growth while small: the quarterly step, r/4 | B12: =Rate_r/4 -> 0.225 | C12: 22.5 percent
A13: The law at year 5 | B13: =Kappa*Users_x0/(Users_x0+(Kappa-Users_x0)*EXP(-Rate_r*5)) -> 64.752546
A14: The law at year 6 | B14: =Kappa*Users_x0/(Users_x0+(Kappa-Users_x0)*EXP(-Rate_r*6)) -> 81.879128 | C14: 81.9
A15: The law at year 10 | B15: =Kappa*Users_x0/(Users_x0+(Kappa-Users_x0)*EXP(-Rate_r*10)) -> 99.398927 | C15: 99.4
A16: Quarterly step at year 5 | B16: =B50 -> 58.128602 | C16: 58.1
A17: Monthly step at year 5 | B17: =C90 -> 62.609958
A18: Weekly step at year 5 | B18: =D290 -> 64.265371
A19: Gap to the law at year 5: quarterly step | B19: =B13-B16 -> 6.6239432 | C19: in proportion to the step
A20: Gap to the law at year 5: monthly step | B20: =B13-B17 -> 2.142588 | C20: 2.1
A21: Gap to the law at year 5: weekly step | B21: =B13-B18 -> 0.48717415 | C21: 0.5
A22: Exponential plan 2e^(rt) at the inflection date | B22: =Users_x0*EXP(Rate_r*B10) -> 98 | C22: 98
A23: Exponential plan at year 5 | B23: =Users_x0*EXP(Rate_r*5) -> 180.03426 | C23: 180
A24: Exponential plan at year 6 | B24: =Users_x0*EXP(Rate_r*6) -> 442.81283 | C24: 443, more than four times the market
A25: Exponential plan at year 6, as a multiple of the market | B25: =B24/Kappa -> 4.4281283
A27: Each step: x' = x + (1/steps a year) r x (1 - x/kappa), Chapter 5's quarterly map with 4 steps a year (Proposition 7.2(ii)). The law column samples the exact solution at the weekly dates.
A28: Step k | B28: Quarterly steps | C28: Monthly steps | D28: Weekly steps | E28: Time t (weeks), years | F28: The law at t
A29: Steps a year | B29: 4 | C29: 12 | D29: 52
A30: 0 | B30: =Users_x0 -> 2 | C30: =Users_x0 -> 2 | D30: =Users_x0 -> 2 | E30: =A30/$D$29 -> 0 | F30: =Kappa*Users_x0/(Users_x0+(Kappa-Users_x0)*EXP(-Rate_r*E30)) -> 2
A31: 1 | B31: =B30+(1/B$29)*Rate_r*B30*(1-B30/Kappa) -> 2.441 | C31: =C30+(1/C$29)*Rate_r*C30*(1-C30/Kappa) -> 2.147 | D31: =D30+(1/D$29)*Rate_r*D30*(1-D30/Kappa) -> 2.0339231 | E31: =A31/$D$29 -> 0.019230769 | F31: =Kappa*Users_x0/(Users_x0+(Kappa-Users_x0)*EXP(-Rate_r*E31)) -> 2.0342064
A32: 2 | B32: =B31+(1/B$29)*Rate_r*B31*(1-B31/Kappa) -> 2.9768184 | C32: =C31+(1/C$29)*Rate_r*C31*(1-C31/Kappa) -> 2.3045678 | D32: =D31+(1/D$29)*Rate_r*D31*(1-D31/Kappa) -> 2.0684096 | E32: =A32/$D$29 -> 0.038461538 | F32: =Kappa*Users_x0/(Users_x0+(Kappa-Users_x0)*EXP(-Rate_r*E32)) -> 2.0689855
A33: 3 | B33: =B32+(1/B$29)*Rate_r*B32*(1-B32/Kappa) -> 3.6266643 | C33: =C32+(1/C$29)*Rate_r*C32*(1-C32/Kappa) -> 2.4734271 | D33: =D32+(1/D$29)*Rate_r*D32*(1-D32/Kappa) -> 2.1034685 | E33: =A33/$D$29 -> 0.057692308 | F33: =Kappa*Users_x0/(Users_x0+(Kappa-Users_x0)*EXP(-Rate_r*E33)) -> 2.1043464
A34: 4 | B34: =B33+(1/B$29)*Rate_r*B33*(1-B33/Kappa) -> 4.4130702 | C34: =C33+(1/C$29)*Rate_r*C33*(1-C33/Kappa) -> 2.6543458 | D34: =D33+(1/D$29)*Rate_r*D33*(1-D33/Kappa) -> 2.1391089 | E34: =A34/$D$29 -> 0.076923077 | F34: =Kappa*Users_x0/(Users_x0+(Kappa-Users_x0)*EXP(-Rate_r*E34)) -> 2.1402985
A35: 5 | B35: =B34+(1/B$29)*Rate_r*B34*(1-B34/Kappa) -> 5.3621918 | C35: =C34+(1/C$29)*Rate_r*C34*(1-C34/Kappa) -> 2.8481375 | D35: =D34+(1/D$29)*Rate_r*D34*(1-D34/Kappa) -> 2.17534 | E35: =A35/$D$29 -> 0.096153846 | F35: =Kappa*Users_x0/(Users_x0+(Kappa-Users_x0)*EXP(-Rate_r*E35)) -> 2.1768512
A36: 6 | B36: =B35+(1/B$29)*Rate_r*B35*(1-B35/Kappa) -> 6.5039905 | C36: =C35+(1/C$29)*Rate_r*C35*(1-C35/Kappa) -> 3.0556639 | D36: =D35+(1/D$29)*Rate_r*D35*(1-D35/Kappa) -> 2.2121711 | E36: =A36/$D$29 -> 0.11538462 | F36: =Kappa*Users_x0/(Users_x0+(Kappa-Users_x0)*EXP(-Rate_r*E36)) -> 2.2140139
A37: 7 | B37: =B36+(1/B$29)*Rate_r*B36*(1-B36/Kappa) -> 7.8722091 | C37: =C36+(1/C$29)*Rate_r*C36*(1-C36/Kappa) -> 3.2778359 | D37: =D36+(1/D$29)*Rate_r*D36*(1-D36/Kappa) -> 2.2496117 | E37: =A37/$D$29 -> 0.13461538 | F37: =Kappa*Users_x0/(Users_x0+(Kappa-Users_x0)*EXP(-Rate_r*E37)) -> 2.2517966
A38: 8 | B38: =B37+(1/B$29)*Rate_r*B37*(1-B37/Kappa) -> 9.5040199 | C38: =C37+(1/C$29)*Rate_r*C37*(1-C37/Kappa) -> 3.5156154 | D38: =D37+(1/D$29)*Rate_r*D37*(1-D37/Kappa) -> 2.2876714 | E38: =A38/$D$29 -> 0.15384615 | F38: =Kappa*Users_x0/(Users_x0+(Kappa-Users_x0)*EXP(-Rate_r*E38)) -> 2.2902088
A39: 9 | B39: =B38+(1/B$29)*Rate_r*B38*(1-B38/Kappa) -> 11.43919 | C39: =C38+(1/C$29)*Rate_r*C38*(1-C38/Kappa) -> 3.7700169 | D39: =D38+(1/D$29)*Rate_r*D38*(1-D38/Kappa) -> 2.3263599 | E39: =A39/$D$29 -> 0.17307692 | F39: =Kappa*Users_x0/(Users_x0+(Kappa-Users_x0)*EXP(-Rate_r*E39)) -> 2.3292608
A40: 10 | B40: =B39+(1/B$29)*Rate_r*B39*(1-B39/Kappa) -> 13.718584 | C40: =C39+(1/C$29)*Rate_r*C39*(1-C39/Kappa) -> 4.0421084 | D40: =D39+(1/D$29)*Rate_r*D39*(1-D39/Kappa) -> 2.3656871 | E40: =A40/$D$29 -> 0.19230769 | F40: =Kappa*Users_x0/(Users_x0+(Kappa-Users_x0)*EXP(-Rate_r*E40)) -> 2.3689625
A41: 11 | B41: =B40+(1/B$29)*Rate_r*B40*(1-B40/Kappa) -> 16.381816 | C41: =C40+(1/C$29)*Rate_r*C40*(1-C40/Kappa) -> 4.3330126 | D41: =D40+(1/D$29)*Rate_r*D40*(1-D40/Kappa) -> 2.4056631 | E41: =A41/$D$29 -> 0.21153846 | F41: =Kappa*Users_x0/(Users_x0+(Kappa-Users_x0)*EXP(-Rate_r*E41)) -> 2.4093241
A42: 12 | B42: =B41+(1/B$29)*Rate_r*B41*(1-B41/Kappa) -> 19.463906 | C42: =C41+(1/C$29)*Rate_r*C41*(1-C41/Kappa) -> 4.6439073 | D42: =D41+(1/D$29)*Rate_r*D41*(1-D41/Kappa) -> 2.4462979 | E42: =A42/$D$29 -> 0.23076923 | F42: =Kappa*Users_x0/(Users_x0+(Kappa-Users_x0)*EXP(-Rate_r*E42)) -> 2.4503563
... A70: 40 | B70: =B69+(1/B$29)*Rate_r*B69*(1-B69/Kappa) -> 99.490886 | C70: =C69+(1/C$29)*Rate_r*C69*(1-C69/Kappa) -> 27.328424 | D70: =D69+(1/D$29)*Rate_r*D69*(1-D69/Kappa) -> 3.8974147 | E70: =A70/$D$29 -> 0.76923077 | F70: =Kappa*Users_x0/(Users_x0+(Kappa-Users_x0)*EXP(-Rate_r*E70)) -> 3.9184068
A71: 41 | C71: =C70+(1/C$29)*Rate_r*C70*(1-C70/Kappa) -> 28.817923 | D71: =D70+(1/D$29)*Rate_r*D70*(1-D70/Kappa) -> 3.962241 | E71: =A71/$D$29 -> 0.78846154 | F71: =Kappa*Users_x0/(Users_x0+(Kappa-Users_x0)*EXP(-Rate_r*E71)) -> 3.9840902
A72: 42 | C72: =C71+(1/C$29)*Rate_r*C71*(1-C71/Kappa) -> 30.356413 | D72: =D71+(1/D$29)*Rate_r*D71*(1-D71/Kappa) -> 4.028101 | E72: =A72/$D$29 -> 0.80769231 | F72: =Kappa*Users_x0/(Users_x0+(Kappa-Users_x0)*EXP(-Rate_r*E72)) -> 4.0508283
A73: 43 | C73: =C72+(1/C$29)*Rate_r*C72*(1-C72/Kappa) -> 31.94201 | D73: =D72+(1/D$29)*Rate_r*D72*(1-D72/Kappa) -> 4.0950099 | E73: =A73/$D$29 -> 0.82692308 | F73: =Kappa*Users_x0/(Users_x0+(Kappa-Users_x0)*EXP(-Rate_r*E73)) -> 4.1186363
A74: 44 | C74: =C73+(1/C$29)*Rate_r*C73*(1-C73/Kappa) -> 33.572442 | D74: =D73+(1/D$29)*Rate_r*D73*(1-D73/Kappa) -> 4.1629827 | E74: =A74/$D$29 -> 0.84615385 | F74: =Kappa*Users_x0/(Users_x0+(Kappa-Users_x0)*EXP(-Rate_r*E74)) -> 4.1875298
A75: 45 | C75: =C74+(1/C$29)*Rate_r*C74*(1-C74/Kappa) -> 35.245044 | D75: =D74+(1/D$29)*Rate_r*D74*(1-D74/Kappa) -> 4.2320348 | E75: =A75/$D$29 -> 0.86538462 | F75: =Kappa*Users_x0/(Users_x0+(Kappa-Users_x0)*EXP(-Rate_r*E75)) -> 4.2575245
A76: 46 | C76: =C75+(1/C$29)*Rate_r*C75*(1-C75/Kappa) -> 36.956762 | D76: =D75+(1/D$29)*Rate_r*D75*(1-D75/Kappa) -> 4.3021818 | E76: =A76/$D$29 -> 0.88461538 | F76: =Kappa*Users_x0/(Users_x0+(Kappa-Users_x0)*EXP(-Rate_r*E76)) -> 4.3286364
A77: 47 | C77: =C76+(1/C$29)*Rate_r*C76*(1-C76/Kappa) -> 38.704167 | D77: =D76+(1/D$29)*Rate_r*D76*(1-D76/Kappa) -> 4.3734392 | E77: =A77/$D$29 -> 0.90384615 | F77: =Kappa*Users_x0/(Users_x0+(Kappa-Users_x0)*EXP(-Rate_r*E77)) -> 4.4008814
A78: 48 | C78: =C77+(1/C$29)*Rate_r*C77*(1-C77/Kappa) -> 40.483471 | D78: =D77+(1/D$29)*Rate_r*D77*(1-D77/Kappa) -> 4.4458229 | E78: =A78/$D$29 -> 0.92307692 | F78: =Kappa*Users_x0/(Users_x0+(Kappa-Users_x0)*EXP(-Rate_r*E78)) -> 4.4742758
A79: 49 | C79: =C78+(1/C$29)*Rate_r*C78*(1-C78/Kappa) -> 42.290547 | D79: =D78+(1/D$29)*Rate_r*D78*(1-D78/Kappa) -> 4.5193489 | E79: =A79/$D$29 -> 0.94230769 | F79: =Kappa*Users_x0/(Users_x0+(Kappa-Users_x0)*EXP(-Rate_r*E79)) -> 4.548836
A80: 50 | C80: =C79+(1/C$29)*Rate_r*C79*(1-C79/Kappa) -> 44.120971 | D80: =D79+(1/D$29)*Rate_r*D79*(1-D79/Kappa) -> 4.5940334 | E80: =A80/$D$29 -> 0.96153846 | F80: =Kappa*Users_x0/(Users_x0+(Kappa-Users_x0)*EXP(-Rate_r*E80)) -> 4.6245785
A81: 51 | C81: =C80+(1/C$29)*Rate_r*C80*(1-C80/Kappa) -> 45.970048 | D81: =D80+(1/D$29)*Rate_r*D80*(1-D80/Kappa) -> 4.6698927 | E81: =A81/$D$29 -> 0.98076923 | F81: =Kappa*Users_x0/(Users_x0+(Kappa-Users_x0)*EXP(-Rate_r*E81)) -> 4.70152
A82: 52 | C82: =C81+(1/C$29)*Rate_r*C81*(1-C81/Kappa) -> 47.832868 | D82: =D81+(1/D$29)*Rate_r*D81*(1-D81/Kappa) -> 4.7469433 | E82: =A82/$D$29 -> 1 | F82: =Kappa*Users_x0/(Users_x0+(Kappa-Users_x0)*EXP(-Rate_r*E82)) -> 4.7796776
... A150: 120 | C150: =C149+(1/C$29)*Rate_r*C149*(1-C149/Kappa) -> 99.426848 | D150: =D149+(1/D$29)*Rate_r*D149*(1-D149/Kappa) -> 13.818133 | E150: =A150/$D$29 -> 2.3076923 | F150: =Kappa*Users_x0/(Users_x0+(Kappa-Users_x0)*EXP(-Rate_r*E150)) -> 14.004729
A151: 121 | D151: =D150+(1/D$29)*Rate_r*D150*(1-D150/Kappa) -> 14.024246 | E151: =A151/$D$29 -> 2.3269231 | F151: =Kappa*Users_x0/(Users_x0+(Kappa-Users_x0)*EXP(-Rate_r*E151)) -> 14.214474
A152: 122 | D152: =D151+(1/D$29)*Rate_r*D151*(1-D151/Kappa) -> 14.232933 | E152: =A152/$D$29 -> 2.3461538 | F152: =Kappa*Users_x0/(Users_x0+(Kappa-Users_x0)*EXP(-Rate_r*E152)) -> 14.426834
A153: 123 | D153: =D152+(1/D$29)*Rate_r*D152*(1-D152/Kappa) -> 14.444211 | E153: =A153/$D$29 -> 2.3653846 | F153: =Kappa*Users_x0/(Users_x0+(Kappa-Users_x0)*EXP(-Rate_r*E153)) -> 14.641824
A154: 124 | D154: =D153+(1/D$29)*Rate_r*D153*(1-D153/Kappa) -> 14.658097 | E154: =A154/$D$29 -> 2.3846154 | F154: =Kappa*Users_x0/(Users_x0+(Kappa-Users_x0)*EXP(-Rate_r*E154)) -> 14.859462
A155: 125 | D155: =D154+(1/D$29)*Rate_r*D154*(1-D154/Kappa) -> 14.874607 | E155: =A155/$D$29 -> 2.4038462 | F155: =Kappa*Users_x0/(Users_x0+(Kappa-Users_x0)*EXP(-Rate_r*E155)) -> 15.079763
A156: 126 | D156: =D155+(1/D$29)*Rate_r*D155*(1-D155/Kappa) -> 15.093758 | E156: =A156/$D$29 -> 2.4230769 | F156: =Kappa*Users_x0/(Users_x0+(Kappa-Users_x0)*EXP(-Rate_r*E156)) -> 15.302744
A157: 127 | D157: =D156+(1/D$29)*Rate_r*D156*(1-D156/Kappa) -> 15.315566 | E157: =A157/$D$29 -> 2.4423077 | F157: =Kappa*Users_x0/(Users_x0+(Kappa-Users_x0)*EXP(-Rate_r*E157)) -> 15.528418
A158: 128 | D158: =D157+(1/D$29)*Rate_r*D157*(1-D157/Kappa) -> 15.540045 | E158: =A158/$D$29 -> 2.4615385 | F158: =Kappa*Users_x0/(Users_x0+(Kappa-Users_x0)*EXP(-Rate_r*E158)) -> 15.756802
A159: 129 | D159: =D158+(1/D$29)*Rate_r*D158*(1-D158/Kappa) -> 15.76721 | E159: =A159/$D$29 -> 2.4807692 | F159: =Kappa*Users_x0/(Users_x0+(Kappa-Users_x0)*EXP(-Rate_r*E159)) -> 15.987909
A160: 130 | D160: =D159+(1/D$29)*Rate_r*D159*(1-D159/Kappa) -> 15.997076 | E160: =A160/$D$29 -> 2.5 | F160: =Kappa*Users_x0/(Users_x0+(Kappa-Users_x0)*EXP(-Rate_r*E160)) -> 16.221753
A161: 131 | D161: =D160+(1/D$29)*Rate_r*D160*(1-D160/Kappa) -> 16.229657 | E161: =A161/$D$29 -> 2.5192308 | F161: =Kappa*Users_x0/(Users_x0+(Kappa-Users_x0)*EXP(-Rate_r*E161)) -> 16.458347
A162: 132 | D162: =D161+(1/D$29)*Rate_r*D161*(1-D161/Kappa) -> 16.464967 | E162: =A162/$D$29 -> 2.5384615 | F162: =Kappa*Users_x0/(Users_x0+(Kappa-Users_x0)*EXP(-Rate_r*E162)) -> 16.697704
... A550: 520 | D550: =D549+(1/D$29)*Rate_r*D549*(1-D549/Kappa) -> 99.405138 | E550: =A550/$D$29 -> 10 | F550: =Kappa*Users_x0/(Users_x0+(Kappa-Users_x0)*EXP(-Rate_r*E550)) -> 99.398927

Sheet QuarterlyLaw
A1: The yearly law of Equation 3.2 as quarters: exact discretization (Proposition 7.2(i); AXIOM Lab 1.7, step 1)
A2: Engine values: the continuous law dx/dt = Ac x + Bc u whose yearly sample, investment held level within the year, is Equation 3.2, and its quarterly sample A_q = e^(Ac/4), B_q. The formulas certify them: four quarters reproduce every year end.
A4: Engine values | B4: capability | C4: technology | D4: efficiency
A5: A_q, capability row | B5: 0.97341957 | C5: 0.013838979 | D5: 0
A6: A_q, technology row | B6: 0.027677957 | C6: 0.95958059 | D6: 0
A7: A_q, efficiency row | B7: 0.012900745 | C7: 0.028616191 | D7: 0.94574161
A8: B_q | B8: 0.15454375 | C8: 0.07315616 | D8: -0.0064125042
A9: Ac, capability row | B9: -0.10857671 | C9: 0.057283419 | D9: 0
A10: Ac, technology row | B10: 0.11456684 | C10: -0.16586013 | D10: 0
A11: Ac, efficiency row | B11: 0.052066838 | C11: 0.11978342 | D11: -0.22314355
A12: Bc | B12: 0.62450472 | C12: 0.28978939 | D12: -0.034854766
A14: A_q squared (formula) | B14: capability | C14: technology | D14: efficiency
B15: =B5*B5+C5*B6+D5*B7 -> 0.94792869 | C15: =B5*C5+C5*C6+D5*C7 -> 0.026750748 | D15: =B5*D5+C5*D6+D5*D7 -> 0
B16: =B6*B5+C6*B6+D6*B7 -> 0.053501496 | C16: =B6*C5+C6*C6+D6*C7 -> 0.92117794 | D16: =B6*D5+C6*D6+D6*D7 -> 0
B17: =B7*B5+C7*B6+D7*B7 -> 0.025550646 | C17: =B7*C5+C7*C6+D7*C7 -> 0.054701598 | D17: =B7*D5+C7*D6+D7*D7 -> 0.89442719
A18: A_q to the fourth (formula) | B18: capability | C18: technology | D18: efficiency
B19: =B15*B15+C15*B16+D15*B17 -> 0.9 | C19: =B15*C15+C15*C16+D15*C17 -> 0.05 | D19: =B15*D15+C15*D16+D15*D17 -> 0
B20: =B16*B15+C16*B16+D16*B17 -> 0.1 | C20: =B16*C15+C16*C16+D16*C17 -> 0.85 | D20: =B16*D15+C16*D16+D16*D17 -> 0
B21: =B17*B15+C17*B16+D17*B17 -> 0.05 | C21: =B17*C15+C17*C16+D17*C17 -> 0.1 | D21: =B17*D15+C17*D16+D17*D17 -> 0.8
A22: |A_q^4 - A| | B22: capability | C22: technology | D22: efficiency
B23: =ABS(B19-Declarations!$B$20) -> 0 | C23: =ABS(C19-Declarations!$C$20) -> 0 | D23: =ABS(D19-Declarations!$D$20) -> 0
B24: =ABS(B20-Declarations!$B$21) -> 0 | C24: =ABS(C20-Declarations!$C$21) -> 0 | D24: =ABS(D20-Declarations!$D$21) -> 0
B25: =ABS(B21-Declarations!$B$22) -> 0 | C25: =ABS(C21-Declarations!$C$22) -> 0 | D25: =ABS(D21-Declarations!$D$22) -> 0
A26: Largest |A_q^4 - A| | B26: =MAX(B23:D25) -> 0
A29: Quarter | B29: Quarterly law: capability | C29: technology | D29: efficiency | E29: Simple steps: capability | F29: technology | G29: efficiency | H29: Year | I29: Yearly law: capability | J29: technology | K29: efficiency | L29: Gap at the year end
A30: 0 | B30: =Declarations!$B$24 -> 50 | C30: =Declarations!$C$24 -> 40 | D30: =Declarations!$D$24 -> 60 | E30: =Declarations!$B$24 -> 50 | F30: =Declarations!$C$24 -> 40 | G30: =Declarations!$D$24 -> 60 | H30: 0 | I30: =Declarations!$B$24 -> 50 | J30: =Declarations!$C$24 -> 40 | K30: =Declarations!$D$24 -> 60 | L30: =MAX(ABS(I30-B30),ABS(J30-C30),ABS(K30-D30)) -> 0
A31: 1 | B31: =B$5*B30+C$5*C30+D$5*D30+B$8*U_held -> 50.460887 | C31: =B$6*B30+C$6*C30+D$6*D30+C$8*U_held -> 40.352371 | D31: =B$7*B30+C$7*C30+D$7*D30+D$8*U_held -> 58.482881 | E31: =E30+0.25*(B$9*E30+C$9*F30+D$9*G30+B$12*U_held) -> 50.464635 | F31: =F30+0.25*(B$10*E30+C$10*F30+D$10*G30+C$12*U_held) -> 40.353063 | G31: =G30+0.25*(B$11*E30+C$11*F30+D$11*G30+D$12*U_held) -> 58.431807 | H31: 1 | I31: =Declarations!$B$20*I30+Declarations!$C$20*J30+Declarations!$D$20*K30+Declarations!$B$23*U_held -> 51.8 | J31: =Declarations!$B$21*I30+Declarations!$C$21*J30+Declarations!$D$21*K30+Declarations!$C$23*U_held -> 41.4 | K31: =Declarations!$B$22*I30+Declarations!$C$22*J30+Declarations!$D$22*K30+Declarations!$D$23*U_held -> 54.5 | L31: =MAX(ABS(I31-B34),ABS(J31-C34),ABS(K31-D34)) -> 0
A32: 2 | B32: =B$5*B31+C$5*C31+D$5*D31+B$8*U_held -> 50.914401 | C32: =B$6*B31+C$6*C31+D$6*D31+C$8*U_held -> 40.703255 | D32: =B$7*B31+C$7*C31+D$7*D31+D$8*U_held -> 57.064108 | E32: =E31+0.25*(B$9*E31+C$9*F31+D$9*G31+B$12*U_held) -> 50.921713 | F32: =F31+0.25*(B$10*E31+C$10*F31+D$10*G31+C$12*U_held) -> 40.704794 | G32: =G31+0.25*(B$11*E31+C$11*F31+D$11*G31+D$12*U_held) -> 56.967718 | H32: 2 | I32: =Declarations!$B$20*I31+Declarations!$C$20*J31+Declarations!$D$20*K31+Declarations!$B$23*U_held -> 53.49 | J32: =Declarations!$B$21*I31+Declarations!$C$21*J31+Declarations!$D$21*K31+Declarations!$C$23*U_held -> 42.77 | K32: =Declarations!$B$22*I31+Declarations!$C$22*J31+Declarations!$D$22*K31+Declarations!$D$23*U_held -> 50.33 | L32: =MAX(ABS(I32-B38),ABS(J32-C38),ABS(K32-D38)) -> 0
A33: 3 | B33: =B$5*B32+C$5*C32+D$5*D32+B$8*U_held -> 51.360715 | C33: =B$6*B32+C$6*C32+D$6*D32+C$8*U_held -> 41.052509 | D33: =B$7*B32+C$7*C32+D$7*D32+D$8*U_held -> 55.738208 | E33: =E32+0.25*(B$9*E32+C$9*F32+D$9*G32+B$12*U_held) -> 51.371422 | F33: =F32+0.25*(B$10*E32+C$10*F32+D$10*G32+C$12*U_held) -> 41.055032 | G33: =G32+0.25*(B$11*E32+C$11*F32+D$11*G32+D$12*U_held) -> 55.601786 | H33: 3 | I33: =Declarations!$B$20*I32+Declarations!$C$20*J32+Declarations!$D$20*K32+Declarations!$B$23*U_held -> 55.0795 | J33: =Declarations!$B$21*I32+Declarations!$C$21*J32+Declarations!$D$21*K32+Declarations!$C$23*U_held -> 44.1035 | K33: =Declarations!$B$22*I32+Declarations!$C$22*J32+Declarations!$D$22*K32+Declarations!$D$23*U_held -> 47.2155 | L33: =MAX(ABS(I33-B42),ABS(J33-C42),ABS(K33-D42)) -> 0
A34: 4 | B34: =B$5*B33+C$5*C33+D$5*D33+B$8*U_held -> 51.8 | C34: =B$6*B33+C$6*C33+D$6*D33+C$8*U_held -> 41.4 | D34: =B$7*B33+C$7*C33+D$7*D33+D$8*U_held -> 54.5 | E34: =E33+0.25*(B$9*E33+C$9*F33+D$9*G33+B$12*U_held) -> 51.81394 | F34: =F33+0.25*(B$10*E33+C$10*F33+D$10*G33+C$12*U_held) -> 41.403628 | G34: =G33+0.25*(B$11*E33+C$11*F33+D$11*G33+D$12*U_held) -> 54.328397 | H34: 4 | I34: =Declarations!$B$20*I33+Declarations!$C$20*J33+Declarations!$D$20*K33+Declarations!$B$23*U_held -> 56.576725 | J34: =Declarations!$B$21*I33+Declarations!$C$21*J33+Declarations!$D$21*K33+Declarations!$C$23*U_held -> 45.395925 | K34: =Declarations!$B$22*I33+Declarations!$C$22*J33+Declarations!$D$22*K33+Declarations!$D$23*U_held -> 44.936725 | L34: =MAX(ABS(I34-B46),ABS(J34-C46),ABS(K34-D46)) -> 0
A35: 5 | B35: =B$5*B34+C$5*C34+D$5*D34+B$8*U_held -> 52.232417 | C35: =B$6*B34+C$6*C34+D$6*D34+C$8*U_held -> 41.745604 | D35: =B$7*B34+C$7*C34+D$7*D34+D$8*U_held -> 53.344587 | E35: =E34+0.25*(B$9*E34+C$9*F34+D$9*G34+B$12*U_held) -> 52.249438 | F35: =F34+0.25*(B$10*E34+C$10*F34+D$10*G34+C$12*U_held) -> 41.750444 | G35: =G34+0.25*(B$11*E34+C$11*F34+D$11*G34+D$12*U_held) -> 53.142243 | H35: 5 | I35: =Declarations!$B$20*I34+Declarations!$C$20*J34+Declarations!$D$20*K34+Declarations!$B$23*U_held -> 57.988849 | J35: =Declarations!$B$21*I34+Declarations!$C$21*J34+Declarations!$D$21*K34+Declarations!$C$23*U_held -> 46.644209 | K35: =Declarations!$B$22*I34+Declarations!$C$22*J34+Declarations!$D$22*K34+Declarations!$D$23*U_held -> 43.317809 | L35: =MAX(ABS(I35-B50),ABS(J35-C50),ABS(K35-D50)) -> 0
A36: 6 | B36: =B$5*B35+C$5*C35+D$5*D35+B$8*U_held -> 52.658123 | C36: =B$6*B35+C$6*C35+D$6*D35+C$8*U_held -> 42.089207 | D36: =B$7*B35+C$7*C35+D$7*D35+D$8*U_held -> 52.267332 | E36: =E35+0.25*(B$9*E35+C$9*F35+D$9*G35+B$12*U_held) -> 52.678081 | F36: =F35+0.25*(B$10*E35+C$10*F35+D$10*G35+C$12*U_held) -> 42.095352 | G36: =G35+0.25*(B$11*E35+C$11*F35+D$11*G35+D$12*U_held) -> 52.038315 | H36: 6 | I36: =Declarations!$B$20*I35+Declarations!$C$20*J35+Declarations!$D$20*K35+Declarations!$B$23*U_held -> 59.322174 | J36: =Declarations!$B$21*I35+Declarations!$C$21*J35+Declarations!$D$21*K35+Declarations!$C$23*U_held -> 47.846462 | K36: =Declarations!$B$22*I35+Declarations!$C$22*J35+Declarations!$D$22*K35+Declarations!$D$23*U_held -> 42.21811 | L36: =MAX(ABS(I36-B54),ABS(J36-C54),ABS(K36-D54)) -> 0
A37: 7 | B37: =B$5*B36+C$5*C36+D$5*D36+B$8*U_held -> 53.077269 | C37: =B$6*B36+C$6*C36+D$6*D36+C$8*U_held -> 42.430704 | D37: =B$7*B36+C$7*C36+D$7*D36+D$8*U_held -> 51.263853 | E37: =E36+0.25*(B$9*E36+C$9*F36+D$9*G36+B$12*U_held) -> 53.100029 | F37: =F36+0.25*(B$10*E36+C$10*F36+D$10*G36+C$12*U_held) -> 42.438236 | G37: =G36+0.25*(B$11*E36+C$11*F36+D$11*G36+D$12*U_held) -> 51.011879 | H37: 7 | I37: =Declarations!$B$20*I36+Declarations!$C$20*J36+Declarations!$D$20*K36+Declarations!$B$23*U_held -> 60.58228 | J37: =Declarations!$B$21*I36+Declarations!$C$21*J36+Declarations!$D$21*K36+Declarations!$C$23*U_held -> 49.00171 | K37: =Declarations!$B$22*I36+Declarations!$C$22*J36+Declarations!$D$22*K36+Declarations!$D$23*U_held -> 41.525243 | L37: =MAX(ABS(I37-B58),ABS(J37-C58),ABS(K37-D58)) -> 0
A38: 8 | B38: =B$5*B37+C$5*C37+D$5*D37+B$8*U_held -> 53.49 | C38: =B$6*B37+C$6*C37+D$6*D37+C$8*U_held -> 42.77 | D38: =B$7*B37+C$7*C37+D$7*D37+D$8*U_held -> 50.33 | E38: =E37+0.25*(B$9*E37+C$9*F37+D$9*G37+B$12*U_held) -> 53.515433 | F38: =F37+0.25*(B$10*E37+C$10*F37+D$10*G37+C$12*U_held) -> 42.778988 | G38: =G37+0.25*(B$11*E37+C$11*F37+D$11*G37+D$12*U_held) -> 50.058463 | H38: 8 | I38: =Declarations!$B$20*I37+Declarations!$C$20*J37+Declarations!$D$20*K37+Declarations!$B$23*U_held -> 61.774138 | J38: =Declarations!$B$21*I37+Declarations!$C$21*J37+Declarations!$D$21*K37+Declarations!$C$23*U_held -> 50.109682 | K38: =Declarations!$B$22*I37+Declarations!$C$22*J37+Declarations!$D$22*K37+Declarations!$D$23*U_held -> 41.14948 | L38: =MAX(ABS(I38-B62),ABS(J38-C62),ABS(K38-D62)) -> 0
A39: 9 | B39: =B$5*B38+C$5*C38+D$5*D38+B$8*U_held -> 53.896456 | C39: =B$6*B38+C$6*C38+D$6*D38+C$8*U_held -> 43.107005 | D39: =B$7*B38+C$7*C38+D$7*D38+D$8*U_held -> 49.46185 | E39: =E38+0.25*(B$9*E38+C$9*F38+D$9*G38+B$12*U_held) -> 53.924442 | F39: =F38+0.25*(B$10*E38+C$10*F38+D$10*G38+C$12*U_held) -> 43.117508 | G39: =G38+0.25*(B$11*E38+C$11*F38+D$11*G38+D$12*U_held) -> 49.173846 | H39: 9 | I39: =Declarations!$B$20*I38+Declarations!$C$20*J38+Declarations!$D$20*K38+Declarations!$B$23*U_held -> 62.902208 | J39: =Declarations!$B$21*I38+Declarations!$C$21*J38+Declarations!$D$21*K38+Declarations!$C$23*U_held -> 51.170643 | K39: =Declarations!$B$22*I38+Declarations!$C$22*J38+Declarations!$D$22*K38+Declarations!$D$23*U_held -> 41.019259 | L39: =MAX(ABS(I39-B66),ABS(J39-C66),ABS(K39-D66)) -> 0
A40: 10 | B40: =B$5*B39+C$5*C39+D$5*D39+B$8*U_held -> 54.296771 | C40: =B$6*B39+C$6*C39+D$6*D39+C$8*U_held -> 43.441638 | D40: =B$7*B39+C$7*C39+D$7*D39+D$8*U_held -> 48.655693 | E40: =E39+0.25*(B$9*E39+C$9*F39+D$9*G39+B$12*U_held) -> 54.327196 | F40: =F39+0.25*(B$10*E39+C$10*F39+D$10*G39+C$12*U_held) -> 43.453706 | G40: =G39+0.25*(B$11*E39+C$11*F39+D$11*G39+D$12*U_held) -> 48.354039 | H40: 10 | I40: =Declarations!$B$20*I39+Declarations!$C$20*J39+Declarations!$D$20*K39+Declarations!$B$23*U_held -> 63.970519 | J40: =Declarations!$B$21*I39+Declarations!$C$21*J39+Declarations!$D$21*K39+Declarations!$C$23*U_held -> 52.185268 | K40: =Declarations!$B$22*I39+Declarations!$C$22*J39+Declarations!$D$22*K39+Declarations!$D$23*U_held -> 41.077582 | L40: =MAX(ABS(I40-B70),ABS(J40-C70),ABS(K40-D70)) -> 0
A41: 11 | B41: =B$5*B40+C$5*C40+D$5*D40+B$8*U_held -> 54.691078 | C41: =B$6*B40+C$6*C40+D$6*D40+C$8*U_held -> 43.773826 | D41: =B$7*B40+C$7*C40+D$7*D40+D$8*U_held -> 47.908016 | E41: =E40+0.25*(B$9*E40+C$9*F40+D$9*G40+B$12*U_held) -> 54.723833 | F41: =F40+0.25*(B$10*E40+C$10*F40+D$10*G40+C$12*U_held) -> 43.787499 | G41: =G40+0.25*(B$11*E40+C$11*F40+D$11*G40+D$12*U_held) -> 47.595276
A42: 12 | B42: =B$5*B41+C$5*C41+D$5*D41+B$8*U_held -> 55.0795 | C42: =B$6*B41+C$6*C41+D$6*D41+C$8*U_held -> 44.1035 | D42: =B$7*B41+C$7*C41+D$7*D41+D$8*U_held -> 47.2155 | E42: =E41+0.25*(B$9*E41+C$9*F41+D$9*G41+B$12*U_held) -> 55.114483 | F42: =F41+0.25*(B$10*E41+C$10*F41+D$10*G41+C$12*U_held) -> 44.118812 | G42: =G41+0.25*(B$11*E41+C$11*F41+D$11*G41+D$12*U_held) -> 46.894
A43: 13 | B43: =B$5*B42+C$5*C42+D$5*D42+B$8*U_held -> 55.46216 | C43: =B$6*B42+C$6*C42+D$6*D42+C$8*U_held -> 44.4306 | D43: =B$7*B42+C$7*C42+D$7*D42+D$8*U_held -> 46.575004 | E43: =E42+0.25*(B$9*E42+C$9*F42+D$9*G42+B$12*U_held) -> 55.499274 | F43: =F42+0.25*(B$10*E42+C$10*F42+D$10*G42+C$12*U_held) -> 44.447576 | G43: =G42+0.25*(B$11*E42+C$11*F42+D$11*G42+D$12*U_held) -> 46.246852 | H43: Largest gap at the ten year ends | L43: =MAX(L30:L40) -> 0
A44: 14 | B44: =B$5*B43+C$5*C43+D$5*D43+B$8*U_held -> 55.839176 | C44: =B$6*B43+C$6*C43+D$6*D43+C$8*U_held -> 44.75507 | D44: =B$7*B43+C$7*C43+D$7*D43+D$8*U_held -> 45.983557 | E44: =E43+0.25*(B$9*E43+C$9*F43+D$9*G43+B$12*U_held) -> 55.878329 | F44: =F43+0.25*(B$10*E43+C$10*F43+D$10*G43+C$12*U_held) -> 44.773728 | G44: =G43+0.25*(B$11*E43+C$11*F43+D$11*G43+D$12*U_held) -> 45.650659 | H44: Simple steps after ten years, largest gap to the law | L44: =MAX(ABS(E70-I40),ABS(F70-J40),ABS(G70-K40)) -> 0.1791407
A45: 15 | B45: =B$5*B44+C$5*C44+D$5*D44+B$8*U_held -> 56.210661 | C45: =B$6*B44+C$6*C44+D$6*D44+C$8*U_held -> 45.07686 | D45: =B$7*B44+C$7*C44+D$7*D44+D$8*U_held -> 45.438349 | E45: =E44+0.25*(B$9*E44+C$9*F44+D$9*G44+B$12*U_held) -> 56.251765 | F45: =F44+0.25*(B$10*E44+C$10*F44+D$10*G44+C$12*U_held) -> 45.097214 | G45: =G44+0.25*(B$11*E44+C$11*F44+D$11*G44+D$12*U_held) -> 45.102427
A46: 16 | B46: =B$5*B45+C$5*C45+D$5*D45+B$8*U_held -> 56.576725 | C46: =B$6*B45+C$6*C45+D$6*D45+C$8*U_held -> 45.395925 | D46: =B$7*B45+C$7*C45+D$7*D45+D$8*U_held -> 44.936725 | E46: =E45+0.25*(B$9*E45+C$9*F45+D$9*G45+B$12*U_held) -> 56.619697 | F46: =F45+0.25*(B$10*E45+C$10*F45+D$10*G45+C$12*U_held) -> 45.417982 | G46: =G45+0.25*(B$11*E45+C$11*F45+D$11*G45+D$12*U_held) -> 44.599326
A47: 17 | B47: =B$5*B46+C$5*C46+D$5*D46+B$8*U_held -> 56.937474 | C47: =B$6*B46+C$6*C46+D$6*D46+C$8*U_held -> 45.712226 | D47: =B$7*B46+C$7*C46+D$7*D46+D$8*U_held -> 44.476171 | E47: =E46+0.25*(B$9*E46+C$9*F46+D$9*G46+B$12*U_held) -> 56.982236 | F47: =F46+0.25*(B$10*E46+C$10*F46+D$10*G46+C$12*U_held) -> 45.735988 | G47: =G46+0.25*(B$11*E46+C$11*F46+D$11*G46+D$12*U_held) -> 44.138686
A48: 18 | B48: =B$5*B47+C$5*C47+D$5*D47+B$8*U_held -> 57.293012 | C48: =B$6*B47+C$6*C47+D$6*D47+C$8*U_held -> 46.025727 | D48: =B$7*B47+C$7*C47+D$7*D47+D$8*U_held -> 44.054311 | E48: =E47+0.25*(B$9*E47+C$9*F47+D$9*G47+B$12*U_held) -> 57.339488 | F48: =F47+0.25*(B$10*E47+C$10*F47+D$10*G47+C$12*U_held) -> 46.051191 | G48: =G47+0.25*(B$11*E47+C$11*F47+D$11*G47+D$12*U_held) -> 43.717985
A49: 19 | B49: =B$5*B48+C$5*C48+D$5*D48+B$8*U_held -> 57.643438 | C49: =B$6*B48+C$6*C48+D$6*D48+C$8*U_held -> 46.336397 | D49: =B$7*B48+C$7*C48+D$7*D48+D$8*U_held -> 43.668898 | E49: =E48+0.25*(B$9*E48+C$9*F48+D$9*G48+B$12*U_held) -> 57.691556 | F49: =F48+0.25*(B$10*E48+C$10*F48+D$10*G48+C$12*U_held) -> 46.363556 | G49: =G48+0.25*(B$11*E48+C$11*F48+D$11*G48+D$12*U_held) -> 43.334843
A50: 20 | B50: =B$5*B49+C$5*C49+D$5*D49+B$8*U_held -> 57.988849 | C50: =B$6*B49+C$6*C49+D$6*D49+C$8*U_held -> 46.644209 | D50: =B$7*B49+C$7*C49+D$7*D49+D$8*U_held -> 43.317809 | E50: =E49+0.25*(B$9*E49+C$9*F49+D$9*G49+B$12*U_held) -> 58.038542 | F50: =F49+0.25*(B$10*E49+C$10*F49+D$10*G49+C$12*U_held) -> 46.673054 | G50: =G49+0.25*(B$11*E49+C$11*F49+D$11*G49+D$12*U_held) -> 42.987011
A51: 21 | B51: =B$5*B50+C$5*C50+D$5*D50+B$8*U_held -> 58.329338 | C51: =B$6*B50+C$6*C50+D$6*D50+C$8*U_held -> 46.949139 | D51: =B$7*B50+C$7*C50+D$7*D50+D$8*U_held -> 42.999033 | E51: =E50+0.25*(B$9*E50+C$9*F50+D$9*G50+B$12*U_held) -> 58.380541 | F51: =F50+0.25*(B$10*E50+C$10*F50+D$10*G50+C$12*U_held) -> 46.979656 | G51: =G50+0.25*(B$11*E50+C$11*F50+D$11*G50+D$12*U_held) -> 42.672368
A52: 22 | B52: =B$5*B51+C$5*C51+D$5*D51+B$8*U_held -> 58.664997 | C52: =B$6*B51+C$6*C51+D$6*D51+C$8*U_held -> 47.251169 | D52: =B$7*B51+C$7*C51+D$7*D51+D$8*U_held -> 42.710672 | E52: =E51+0.25*(B$9*E51+C$9*F51+D$9*G51+B$12*U_held) -> 58.717647 | F52: =F51+0.25*(B$10*E51+C$10*F51+D$10*G51+C$12*U_held) -> 47.28334 | G52: =G51+0.25*(B$11*E51+C$11*F51+D$11*G51+D$12*U_held) -> 42.388911
A53: 23 | B53: =B$5*B52+C$5*C52+D$5*D52+B$8*U_held -> 58.995914 | C53: =B$6*B52+C$6*C52+D$6*D52+C$8*U_held -> 47.550281 | D53: =B$7*B52+C$7*C52+D$7*D52+D$8*U_held -> 42.45093 | E53: =E52+0.25*(B$9*E52+C$9*F52+D$9*G52+B$12*U_held) -> 59.049952 | F53: =F52+0.25*(B$10*E52+C$10*F52+D$10*G52+C$12*U_held) -> 47.584087 | G53: =G52+0.25*(B$11*E52+C$11*F52+D$11*G52+D$12*U_held) -> 42.134749
A54: 24 | B54: =B$5*B53+C$5*C53+D$5*D53+B$8*U_held -> 59.322174 | C54: =B$6*B53+C$6*C53+D$6*D53+C$8*U_held -> 47.846462 | D54: =B$7*B53+C$7*C53+D$7*D53+D$8*U_held -> 42.21811 | E54: =E53+0.25*(B$9*E53+C$9*F53+D$9*G53+B$12*U_held) -> 59.377544 | F54: =F53+0.25*(B$10*E53+C$10*F53+D$10*G53+C$12*U_held) -> 47.881882 | G54: =G53+0.25*(B$11*E53+C$11*F53+D$11*G53+D$12*U_held) -> 41.908097
A55: 25 | B55: =B$5*B54+C$5*C54+D$5*D54+B$8*U_held -> 59.643861 | C55: =B$6*B54+C$6*C54+D$6*D54+C$8*U_held -> 48.139702 | D55: =B$7*B54+C$7*C54+D$7*D54+D$8*U_held -> 42.010607 | E55: =E54+0.25*(B$9*E54+C$9*F54+D$9*G54+B$12*U_held) -> 59.700508 | F55: =F54+0.25*(B$10*E54+C$10*F54+D$10*G54+C$12*U_held) -> 48.176711 | G55: =G54+0.25*(B$11*E54+C$11*F54+D$11*G54+D$12*U_held) -> 41.707272
A56: 26 | B56: =B$5*B55+C$5*C55+D$5*D55+B$8*U_held -> 59.961056 | C56: =B$6*B55+C$6*C55+D$6*D55+C$8*U_held -> 48.429993 | D56: =B$7*B55+C$7*C55+D$7*D55+D$8*U_held -> 41.826904 | E56: =E55+0.25*(B$9*E55+C$9*F55+D$9*G55+B$12*U_held) -> 60.018928 | F56: =F55+0.25*(B$10*E55+C$10*F55+D$10*G55+C$12*U_held) -> 48.468566 | G56: =G55+0.25*(B$11*E55+C$11*F55+D$11*G55+D$12*U_held) -> 41.530682
... A70: 40 | B70: =B$5*B69+C$5*C69+D$5*D69+B$8*U_held -> 63.970519 | C70: =B$6*B69+C$6*C69+D$6*D69+C$8*U_held -> 52.185268 | D70: =B$7*B69+C$7*C69+D$7*D69+D$8*U_held -> 41.077582 | E70: =E69+0.25*(B$9*E69+C$9*F69+D$9*G69+B$12*U_held) -> 64.041095 | F70: =F69+0.25*(B$10*E69+C$10*F69+D$10*G69+C$12*U_held) -> 52.242397 | G70: =G69+0.25*(B$11*E69+C$11*F69+D$11*G69+D$12*U_held) -> 40.898441

Sheet Superposition
A1: Split the path: momentum plus program for the three-reading company (Theorem 7.2(i); Figure 7.1; AXIOM Lab 1.7, step 2)
A2: Free response: A^k x0 (momentum alone). Forced response: from zero under the held investment (what the program adds). Path: the company simply run forward. Equation 7.4: path = free + forced.
N3: Figure 7.1 and Section 3.4 | O3: Value | P3: Reading
N4: Technology at year 10: momentum alone | O4: =C16 -> 27.225229 | P4: erodes from 40 to 27
A5: Year | B5: Momentum: capability | C5: technology | D5: efficiency | E5: Program: capability | F5: technology | G5: efficiency | H5: Path: capability | I5: technology | J5: efficiency | K5: |path - (momentum + program)| | L5: Program ahead (technology) | N5: Technology at year 10: program effect | O5: =F16 -> 24.960038 | P5: the program adds 25
A6: 0 | B6: =Declarations!$B$24 -> 50 | C6: =Declarations!$C$24 -> 40 | D6: =Declarations!$D$24 -> 60 | E6: =0 -> 0 | F6: =0 -> 0 | G6: =0 -> 0 | H6: =Declarations!$B$24 -> 50 | I6: =Declarations!$C$24 -> 40 | J6: =Declarations!$D$24 -> 60 | K6: =MAX(ABS(H6-B6-E6),ABS(I6-C6-F6),ABS(J6-D6-G6)) -> 0 | L6: =IF(F6>C6,A6,99) -> 99 | N6: Technology at year 10: path | O6: =I16 -> 52.185268 | P6: the company ends at 52
A7: 1 | B7: =Declarations!$B$20*B6+Declarations!$C$20*C6+Declarations!$D$20*D6 -> 47 | C7: =Declarations!$B$21*B6+Declarations!$C$21*C6+Declarations!$D$21*D6 -> 39 | D7: =Declarations!$B$22*B6+Declarations!$C$22*C6+Declarations!$D$22*D6 -> 54.5 | E7: =Declarations!$B$20*E6+Declarations!$C$20*F6+Declarations!$D$20*G6+Declarations!$B$23*U_held -> 4.8 | F7: =Declarations!$B$21*E6+Declarations!$C$21*F6+Declarations!$D$21*G6+Declarations!$C$23*U_held -> 2.4 | G7: =Declarations!$B$22*E6+Declarations!$C$22*F6+Declarations!$D$22*G6+Declarations!$D$23*U_held -> 0 | H7: =Declarations!$B$20*H6+Declarations!$C$20*I6+Declarations!$D$20*J6+Declarations!$B$23*U_held -> 51.8 | I7: =Declarations!$B$21*H6+Declarations!$C$21*I6+Declarations!$D$21*J6+Declarations!$C$23*U_held -> 41.4 | J7: =Declarations!$B$22*H6+Declarations!$C$22*I6+Declarations!$D$22*J6+Declarations!$D$23*U_held -> 54.5 | K7: =MAX(ABS(H7-B7-E7),ABS(I7-C7-F7),ABS(J7-D7-G7)) -> 0 | L7: =IF(F7>C7,A7,99) -> 99 | N7: Technology at year 20: momentum alone | O7: =C26 -> 16.652482
A8: 2 | B8: =Declarations!$B$20*B7+Declarations!$C$20*C7+Declarations!$D$20*D7 -> 44.25 | C8: =Declarations!$B$21*B7+Declarations!$C$21*C7+Declarations!$D$21*D7 -> 37.85 | D8: =Declarations!$B$22*B7+Declarations!$C$22*C7+Declarations!$D$22*D7 -> 49.85 | E8: =Declarations!$B$20*E7+Declarations!$C$20*F7+Declarations!$D$20*G7+Declarations!$B$23*U_held -> 9.24 | F8: =Declarations!$B$21*E7+Declarations!$C$21*F7+Declarations!$D$21*G7+Declarations!$C$23*U_held -> 4.92 | G8: =Declarations!$B$22*E7+Declarations!$C$22*F7+Declarations!$D$22*G7+Declarations!$D$23*U_held -> 0.48 | H8: =Declarations!$B$20*H7+Declarations!$C$20*I7+Declarations!$D$20*J7+Declarations!$B$23*U_held -> 53.49 | I8: =Declarations!$B$21*H7+Declarations!$C$21*I7+Declarations!$D$21*J7+Declarations!$C$23*U_held -> 42.77 | J8: =Declarations!$B$22*H7+Declarations!$C$22*I7+Declarations!$D$22*J7+Declarations!$D$23*U_held -> 50.33 | K8: =MAX(ABS(H8-B8-E8),ABS(I8-C8-F8),ABS(J8-D8-G8)) -> 3.1086245e-15 | L8: =IF(F8>C8,A8,99) -> 99 | N8: Technology at year 20: program effect | O8: =F26 -> 43.41336
A9: 3 | B9: =Declarations!$B$20*B8+Declarations!$C$20*C8+Declarations!$D$20*D8 -> 41.7175 | C9: =Declarations!$B$21*B8+Declarations!$C$21*C8+Declarations!$D$21*D8 -> 36.5975 | D9: =Declarations!$B$22*B8+Declarations!$C$22*C8+Declarations!$D$22*D8 -> 45.8775 | E9: =Declarations!$B$20*E8+Declarations!$C$20*F8+Declarations!$D$20*G8+Declarations!$B$23*U_held -> 13.362 | F9: =Declarations!$B$21*E8+Declarations!$C$21*F8+Declarations!$D$21*G8+Declarations!$C$23*U_held -> 7.506 | G9: =Declarations!$B$22*E8+Declarations!$C$22*F8+Declarations!$D$22*G8+Declarations!$D$23*U_held -> 1.338 | H9: =Declarations!$B$20*H8+Declarations!$C$20*I8+Declarations!$D$20*J8+Declarations!$B$23*U_held -> 55.0795 | I9: =Declarations!$B$21*H8+Declarations!$C$21*I8+Declarations!$D$21*J8+Declarations!$C$23*U_held -> 44.1035 | J9: =Declarations!$B$22*H8+Declarations!$C$22*I8+Declarations!$D$22*J8+Declarations!$D$23*U_held -> 47.2155 | K9: =MAX(ABS(H9-B9-E9),ABS(I9-C9-F9),ABS(J9-D9-G9)) -> 0 | L9: =IF(F9>C9,A9,99) -> 99 | N9: Technology at year 20: path | O9: =I26 -> 60.065842 | P9: approaching the steady state, 72
A10: 4 | B10: =Declarations!$B$20*B9+Declarations!$C$20*C9+Declarations!$D$20*D9 -> 39.375625 | C10: =Declarations!$B$21*B9+Declarations!$C$21*C9+Declarations!$D$21*D9 -> 35.279625 | D10: =Declarations!$B$22*B9+Declarations!$C$22*C9+Declarations!$D$22*D9 -> 42.447625 | E10: =Declarations!$B$20*E9+Declarations!$C$20*F9+Declarations!$D$20*G9+Declarations!$B$23*U_held -> 17.2011 | F10: =Declarations!$B$21*E9+Declarations!$C$21*F9+Declarations!$D$21*G9+Declarations!$C$23*U_held -> 10.1163 | G10: =Declarations!$B$22*E9+Declarations!$C$22*F9+Declarations!$D$22*G9+Declarations!$D$23*U_held -> 2.4891 | H10: =Declarations!$B$20*H9+Declarations!$C$20*I9+Declarations!$D$20*J9+Declarations!$B$23*U_held -> 56.576725 | I10: =Declarations!$B$21*H9+Declarations!$C$21*I9+Declarations!$D$21*J9+Declarations!$C$23*U_held -> 45.395925 | J10: =Declarations!$B$22*H9+Declarations!$C$22*I9+Declarations!$D$22*J9+Declarations!$D$23*U_held -> 44.936725 | K10: =MAX(ABS(H10-B10-E10),ABS(I10-C10-F10),ABS(J10-D10-G10)) -> 0 | L10: =IF(F10>C10,A10,99) -> 99 | N10: Largest |path - (momentum + program)| | O10: =MAX(K6:K26) -> 3.1086245e-15 | P10: exact in the linear regime
A11: 5 | B11: =Declarations!$B$20*B10+Declarations!$C$20*C10+Declarations!$D$20*D10 -> 37.202044 | C11: =Declarations!$B$21*B10+Declarations!$C$21*C10+Declarations!$D$21*D10 -> 33.925244 | D11: =Declarations!$B$22*B10+Declarations!$C$22*C10+Declarations!$D$22*D10 -> 39.454844 | E11: =Declarations!$B$20*E10+Declarations!$C$20*F10+Declarations!$D$20*G10+Declarations!$B$23*U_held -> 20.786805 | F11: =Declarations!$B$21*E10+Declarations!$C$21*F10+Declarations!$D$21*G10+Declarations!$C$23*U_held -> 12.718965 | G11: =Declarations!$B$22*E10+Declarations!$C$22*F10+Declarations!$D$22*G10+Declarations!$D$23*U_held -> 3.862965 | H11: =Declarations!$B$20*H10+Declarations!$C$20*I10+Declarations!$D$20*J10+Declarations!$B$23*U_held -> 57.988849 | I11: =Declarations!$B$21*H10+Declarations!$C$21*I10+Declarations!$D$21*J10+Declarations!$C$23*U_held -> 46.644209 | J11: =Declarations!$B$22*H10+Declarations!$C$22*I10+Declarations!$D$22*J10+Declarations!$D$23*U_held -> 43.317809 | K11: =MAX(ABS(H11-B11-E11),ABS(I11-C11-F11),ABS(J11-D11-G11)) -> 0 | L11: =IF(F11>C11,A11,99) -> 99 | N11: First year the program effect exceeds momentum | O11: =MIN(L6:L26) -> 11 | P11: technology
A12: 6 | B12: =Declarations!$B$20*B11+Declarations!$C$20*C11+Declarations!$D$20*D11 -> 35.178102 | C12: =Declarations!$B$21*B11+Declarations!$C$21*C11+Declarations!$D$21*D11 -> 32.556662 | D12: =Declarations!$B$22*B11+Declarations!$C$22*C11+Declarations!$D$22*D11 -> 36.816502 | E12: =Declarations!$B$20*E11+Declarations!$C$20*F11+Declarations!$D$20*G11+Declarations!$B$23*U_held -> 24.144073 | F12: =Declarations!$B$21*E11+Declarations!$C$21*F11+Declarations!$D$21*G11+Declarations!$C$23*U_held -> 15.289801 | G12: =Declarations!$B$22*E11+Declarations!$C$22*F11+Declarations!$D$22*G11+Declarations!$D$23*U_held -> 5.4016088 | H12: =Declarations!$B$20*H11+Declarations!$C$20*I11+Declarations!$D$20*J11+Declarations!$B$23*U_held -> 59.322174 | I12: =Declarations!$B$21*H11+Declarations!$C$21*I11+Declarations!$D$21*J11+Declarations!$C$23*U_held -> 47.846462 | J12: =Declarations!$B$22*H11+Declarations!$C$22*I11+Declarations!$D$22*J11+Declarations!$D$23*U_held -> 42.21811 | K12: =MAX(ABS(H12-B12-E12),ABS(I12-C12-F12),ABS(J12-D12-G12)) -> 0 | L12: =IF(F12>C12,A12,99) -> 99
A13: 7 | B13: =Declarations!$B$20*B12+Declarations!$C$20*C12+Declarations!$D$20*D12 -> 33.288124 | C13: =Declarations!$B$21*B12+Declarations!$C$21*C12+Declarations!$D$21*D12 -> 31.190972 | D13: =Declarations!$B$22*B12+Declarations!$C$22*C12+Declarations!$D$22*D12 -> 34.467772 | E13: =Declarations!$B$20*E12+Declarations!$C$20*F12+Declarations!$D$20*G12+Declarations!$B$23*U_held -> 27.294156 | F13: =Declarations!$B$21*E12+Declarations!$C$21*F12+Declarations!$D$21*G12+Declarations!$C$23*U_held -> 17.810738 | G13: =Declarations!$B$22*E12+Declarations!$C$22*F12+Declarations!$D$22*G12+Declarations!$D$23*U_held -> 7.0574707 | H13: =Declarations!$B$20*H12+Declarations!$C$20*I12+Declarations!$D$20*J12+Declarations!$B$23*U_held -> 60.58228 | I13: =Declarations!$B$21*H12+Declarations!$C$21*I12+Declarations!$D$21*J12+Declarations!$C$23*U_held -> 49.00171 | J13: =Declarations!$B$22*H12+Declarations!$C$22*I12+Declarations!$D$22*J12+Declarations!$D$23*U_held -> 41.525243 | K13: =MAX(ABS(H13-B13-E13),ABS(I13-C13-F13),ABS(J13-D13-G13)) -> 0 | L13: =IF(F13>C13,A13,99) -> 99 | N13: Section 3.4: capability a year after u = 10 | O13: =Declarations!$B$20*Declarations!$B$24+Declarations!$C$20*Declarations!$C$24+Declarations!$D$20*Declarations!$D$24+Declarations!$B$23*U_ch3 -> 53 | P13: 53.0
A14: 8 | B14: =Declarations!$B$20*B13+Declarations!$C$20*C13+Declarations!$D$20*D13 -> 31.518861 | C14: =Declarations!$B$21*B13+Declarations!$C$21*C13+Declarations!$D$21*D13 -> 29.841139 | D14: =Declarations!$B$22*B13+Declarations!$C$22*C13+Declarations!$D$22*D13 -> 32.357721 | E14: =Declarations!$B$20*E13+Declarations!$C$20*F13+Declarations!$D$20*G13+Declarations!$B$23*U_held -> 30.255277 | F14: =Declarations!$B$21*E13+Declarations!$C$21*F13+Declarations!$D$21*G13+Declarations!$C$23*U_held -> 20.268543 | G14: =Declarations!$B$22*E13+Declarations!$C$22*F13+Declarations!$D$22*G13+Declarations!$D$23*U_held -> 8.7917581 | H14: =Declarations!$B$20*H13+Declarations!$C$20*I13+Declarations!$D$20*J13+Declarations!$B$23*U_held -> 61.774138 | I14: =Declarations!$B$21*H13+Declarations!$C$21*I13+Declarations!$D$21*J13+Declarations!$C$23*U_held -> 50.109682 | J14: =Declarations!$B$22*H13+Declarations!$C$22*I13+Declarations!$D$22*J13+Declarations!$D$23*U_held -> 41.14948 | K14: =MAX(ABS(H14-B14-E14),ABS(I14-C14-F14),ABS(J14-D14-G14)) -> 0 | L14: =IF(F14>C14,A14,99) -> 99 | N14: Section 3.4: technology a year after u = 10 | O14: =Declarations!$B$21*Declarations!$B$24+Declarations!$C$21*Declarations!$C$24+Declarations!$D$21*Declarations!$D$24+Declarations!$C$23*U_ch3 -> 42 | P14: 42.0
A15: 9 | B15: =Declarations!$B$20*B14+Declarations!$C$20*C14+Declarations!$D$20*D14 -> 29.859032 | C15: =Declarations!$B$21*B14+Declarations!$C$21*C14+Declarations!$D$21*D14 -> 28.516854 | D15: =Declarations!$B$22*B14+Declarations!$C$22*C14+Declarations!$D$22*D14 -> 30.446234 | E15: =Declarations!$B$20*E14+Declarations!$C$20*F14+Declarations!$D$20*G14+Declarations!$B$23*U_held -> 33.043176 | F15: =Declarations!$B$21*E14+Declarations!$C$21*F14+Declarations!$D$21*G14+Declarations!$C$23*U_held -> 22.653789 | G15: =Declarations!$B$22*E14+Declarations!$C$22*F14+Declarations!$D$22*G14+Declarations!$D$23*U_held -> 10.573025 | H15: =Declarations!$B$20*H14+Declarations!$C$20*I14+Declarations!$D$20*J14+Declarations!$B$23*U_held -> 62.902208 | I15: =Declarations!$B$21*H14+Declarations!$C$21*I14+Declarations!$D$21*J14+Declarations!$C$23*U_held -> 51.170643 | J15: =Declarations!$B$22*H14+Declarations!$C$22*I14+Declarations!$D$22*J14+Declarations!$D$23*U_held -> 41.019259 | K15: =MAX(ABS(H15-B15-E15),ABS(I15-C15-F15),ABS(J15-D15-G15)) -> 0 | L15: =IF(F15>C15,A15,99) -> 99 | N15: Section 3.4: efficiency a year after u = 10 | O15: =Declarations!$B$22*Declarations!$B$24+Declarations!$C$22*Declarations!$C$24+Declarations!$D$22*Declarations!$D$24+Declarations!$D$23*U_ch3 -> 54.5 | P15: 54.5
A16: 10 | B16: =Declarations!$B$20*B15+Declarations!$C$20*C15+Declarations!$D$20*D15 -> 28.298971 | C16: =Declarations!$B$21*B15+Declarations!$C$21*C15+Declarations!$D$21*D15 -> 27.225229 | D16: =Declarations!$B$22*B15+Declarations!$C$22*C15+Declarations!$D$22*D15 -> 28.701624 | E16: =Declarations!$B$20*E15+Declarations!$C$20*F15+Declarations!$D$20*G15+Declarations!$B$23*U_held -> 35.671548 | F16: =Declarations!$B$21*E15+Declarations!$C$21*F15+Declarations!$D$21*G15+Declarations!$C$23*U_held -> 24.960038 | G16: =Declarations!$B$22*E15+Declarations!$C$22*F15+Declarations!$D$22*G15+Declarations!$D$23*U_held -> 12.375957 | H16: =Declarations!$B$20*H15+Declarations!$C$20*I15+Declarations!$D$20*J15+Declarations!$B$23*U_held -> 63.970519 | I16: =Declarations!$B$21*H15+Declarations!$C$21*I15+Declarations!$D$21*J15+Declarations!$C$23*U_held -> 52.185268 | J16: =Declarations!$B$22*H15+Declarations!$C$22*I15+Declarations!$D$22*J15+Declarations!$D$23*U_held -> 41.077582 | K16: =MAX(ABS(H16-B16-E16),ABS(I16-C16-F16),ABS(J16-D16-G16)) -> 0 | L16: =IF(F16>C16,A16,99) -> 99
A17: 11 | B17: =Declarations!$B$20*B16+Declarations!$C$20*C16+Declarations!$D$20*D16 -> 26.830335 | C17: =Declarations!$B$21*B16+Declarations!$C$21*C16+Declarations!$D$21*D16 -> 25.971342 | D17: =Declarations!$B$22*B16+Declarations!$C$22*C16+Declarations!$D$22*D16 -> 27.098771 | E17: =Declarations!$B$20*E16+Declarations!$C$20*F16+Declarations!$D$20*G16+Declarations!$B$23*U_held -> 38.152395 | F17: =Declarations!$B$21*E16+Declarations!$C$21*F16+Declarations!$D$21*G16+Declarations!$C$23*U_held -> 27.183187 | G17: =Declarations!$B$22*E16+Declarations!$C$22*F16+Declarations!$D$22*G16+Declarations!$D$23*U_held -> 14.180347 | H17: =Declarations!$B$20*H16+Declarations!$C$20*I16+Declarations!$D$20*J16+Declarations!$B$23*U_held -> 64.982731 | I17: =Declarations!$B$21*H16+Declarations!$C$21*I16+Declarations!$D$21*J16+Declarations!$C$23*U_held -> 53.154529 | J17: =Declarations!$B$22*H16+Declarations!$C$22*I16+Declarations!$D$22*J16+Declarations!$D$23*U_held -> 41.279118 | K17: =MAX(ABS(H17-B17-E17),ABS(I17-C17-F17),ABS(J17-D17-G17)) -> 0 | L17: =IF(F17>C17,A17,99) -> 11
A18: 12 | B18: =Declarations!$B$20*B17+Declarations!$C$20*C17+Declarations!$D$20*D17 -> 25.445869 | C18: =Declarations!$B$21*B17+Declarations!$C$21*C17+Declarations!$D$21*D17 -> 24.758674 | D18: =Declarations!$B$22*B17+Declarations!$C$22*C17+Declarations!$D$22*D17 -> 25.617668 | E18: =Declarations!$B$20*E17+Declarations!$C$20*F17+Declarations!$D$20*G17+Declarations!$B$23*U_held -> 40.496315 | F18: =Declarations!$B$21*E17+Declarations!$C$21*F17+Declarations!$D$21*G17+Declarations!$C$23*U_held -> 29.320949 | G18: =Declarations!$B$22*E17+Declarations!$C$22*F17+Declarations!$D$22*G17+Declarations!$D$23*U_held -> 15.970216 | H18: =Declarations!$B$20*H17+Declarations!$C$20*I17+Declarations!$D$20*J17+Declarations!$B$23*U_held -> 65.942184 | I18: =Declarations!$B$21*H17+Declarations!$C$21*I17+Declarations!$D$21*J17+Declarations!$C$23*U_held -> 54.079623 | J18: =Declarations!$B$22*H17+Declarations!$C$22*I17+Declarations!$D$22*J17+Declarations!$D$23*U_held -> 41.587884 | K18: =MAX(ABS(H18-B18-E18),ABS(I18-C18-F18),ABS(J18-D18-G18)) -> 0 | L18: =IF(F18>C18,A18,99) -> 12
A19: 13 | B19: =Declarations!$B$20*B18+Declarations!$C$20*C18+Declarations!$D$20*D18 -> 24.139216 | C19: =Declarations!$B$21*B18+Declarations!$C$21*C18+Declarations!$D$21*D18 -> 23.58946 | D19: =Declarations!$B$22*B18+Declarations!$C$22*C18+Declarations!$D$22*D18 -> 24.242295 | E19: =Declarations!$B$20*E18+Declarations!$C$20*F18+Declarations!$D$20*G18+Declarations!$B$23*U_held -> 42.712731 | F19: =Declarations!$B$21*E18+Declarations!$C$21*F18+Declarations!$D$21*G18+Declarations!$C$23*U_held -> 31.372438 | G19: =Declarations!$B$22*E18+Declarations!$C$22*F18+Declarations!$D$22*G18+Declarations!$D$23*U_held -> 17.733084 | H19: =Declarations!$B$20*H18+Declarations!$C$20*I18+Declarations!$D$20*J18+Declarations!$B$23*U_held -> 66.851947 | I19: =Declarations!$B$21*H18+Declarations!$C$21*I18+Declarations!$D$21*J18+Declarations!$C$23*U_held -> 54.961898 | J19: =Declarations!$B$22*H18+Declarations!$C$22*I18+Declarations!$D$22*J18+Declarations!$D$23*U_held -> 41.975379 | K19: =MAX(ABS(H19-B19-E19),ABS(I19-C19-F19),ABS(J19-D19-G19)) -> 0 | L19: =IF(F19>C19,A19,99) -> 13
A20: 14 | B20: =Declarations!$B$20*B19+Declarations!$C$20*C19+Declarations!$D$20*D19 -> 22.904767 | C20: =Declarations!$B$21*B19+Declarations!$C$21*C19+Declarations!$D$21*D19 -> 22.464963 | D20: =Declarations!$B$22*B19+Declarations!$C$22*C19+Declarations!$D$22*D19 -> 22.959743 | E20: =Declarations!$B$20*E19+Declarations!$C$20*F19+Declarations!$D$20*G19+Declarations!$B$23*U_held -> 44.81008 | F20: =Declarations!$B$21*E19+Declarations!$C$21*F19+Declarations!$D$21*G19+Declarations!$C$23*U_held -> 33.337845 | G20: =Declarations!$B$22*E19+Declarations!$C$22*F19+Declarations!$D$22*G19+Declarations!$D$23*U_held -> 19.459347 | H20: =Declarations!$B$20*H19+Declarations!$C$20*I19+Declarations!$D$20*J19+Declarations!$B$23*U_held -> 67.714847 | I20: =Declarations!$B$21*H19+Declarations!$C$21*I19+Declarations!$D$21*J19+Declarations!$C$23*U_held -> 55.802808 | J20: =Declarations!$B$22*H19+Declarations!$C$22*I19+Declarations!$D$22*J19+Declarations!$D$23*U_held -> 42.41909 | K20: =MAX(ABS(H20-B20-E20),ABS(I20-C20-F20),ABS(J20-D20-G20)) -> 0 | L20: =IF(F20>C20,A20,99) -> 14
A21: 15 | B21: =Declarations!$B$20*B20+Declarations!$C$20*C20+Declarations!$D$20*D20 -> 21.737539 | C21: =Declarations!$B$21*B20+Declarations!$C$21*C20+Declarations!$D$21*D20 -> 21.385695 | D21: =Declarations!$B$22*B20+Declarations!$C$22*C20+Declarations!$D$22*D20 -> 21.759529 | E21: =Declarations!$B$20*E20+Declarations!$C$20*F20+Declarations!$D$20*G20+Declarations!$B$23*U_held -> 46.795964 | F21: =Declarations!$B$21*E20+Declarations!$C$21*F20+Declarations!$D$21*G20+Declarations!$C$23*U_held -> 35.218177 | G21: =Declarations!$B$22*E20+Declarations!$C$22*F20+Declarations!$D$22*G20+Declarations!$D$23*U_held -> 21.141766 | H21: =Declarations!$B$20*H20+Declarations!$C$20*I20+Declarations!$D$20*J20+Declarations!$B$23*U_held -> 68.533503 | I21: =Declarations!$B$21*H20+Declarations!$C$21*I20+Declarations!$D$21*J20+Declarations!$C$23*U_held -> 56.603871 | J21: =Declarations!$B$22*H20+Declarations!$C$22*I20+Declarations!$D$22*J20+Declarations!$D$23*U_held -> 42.901295 | K21: =MAX(ABS(H21-B21-E21),ABS(I21-C21-F21),ABS(J21-D21-G21)) -> 0 | L21: =IF(F21>C21,A21,99) -> 15
A22: 16 | B22: =Declarations!$B$20*B21+Declarations!$C$20*C21+Declarations!$D$20*D21 -> 20.63307 | C22: =Declarations!$B$21*B21+Declarations!$C$21*C21+Declarations!$D$21*D21 -> 20.351595 | D22: =Declarations!$B$22*B21+Declarations!$C$22*C21+Declarations!$D$22*D21 -> 20.63307 | E22: =Declarations!$B$20*E21+Declarations!$C$20*F21+Declarations!$D$20*G21+Declarations!$B$23*U_held -> 48.677277 | F22: =Declarations!$B$21*E21+Declarations!$C$21*F21+Declarations!$D$21*G21+Declarations!$C$23*U_held -> 37.015046 | G22: =Declarations!$B$22*E21+Declarations!$C$22*F21+Declarations!$D$22*G21+Declarations!$D$23*U_held -> 22.775029 | H22: =Declarations!$B$20*H21+Declarations!$C$20*I21+Declarations!$D$20*J21+Declarations!$B$23*U_held -> 69.310346 | I22: =Declarations!$B$21*H21+Declarations!$C$21*I21+Declarations!$D$21*J21+Declarations!$C$23*U_held -> 57.366641 | J22: =Declarations!$B$22*H21+Declarations!$C$22*I21+Declarations!$D$22*J21+Declarations!$D$23*U_held -> 43.408098 | K22: =MAX(ABS(H22-B22-E22),ABS(I22-C22-F22),ABS(J22-D22-G22)) -> 0 | L22: =IF(F22>C22,A22,99) -> 16
A23: 17 | B23: =Declarations!$B$20*B22+Declarations!$C$20*C22+Declarations!$D$20*D22 -> 19.587342 | C23: =Declarations!$B$21*B22+Declarations!$C$21*C22+Declarations!$D$21*D22 -> 19.362162 | D23: =Declarations!$B$22*B22+Declarations!$C$22*C22+Declarations!$D$22*D22 -> 19.573269 | E23: =Declarations!$B$20*E22+Declarations!$C$20*F22+Declarations!$D$20*G22+Declarations!$B$23*U_held -> 50.460301 | F23: =Declarations!$B$21*E22+Declarations!$C$21*F22+Declarations!$D$21*G22+Declarations!$C$23*U_held -> 38.730517 | G23: =Declarations!$B$22*E22+Declarations!$C$22*F22+Declarations!$D$22*G22+Declarations!$D$23*U_held -> 24.355392 | H23: =Declarations!$B$20*H22+Declarations!$C$20*I22+Declarations!$D$20*J22+Declarations!$B$23*U_held -> 70.047643 | I23: =Declarations!$B$21*H22+Declarations!$C$21*I22+Declarations!$D$21*J22+Declarations!$C$23*U_held -> 58.092679 | J23: =Declarations!$B$22*H22+Declarations!$C$22*I22+Declarations!$D$22*J22+Declarations!$D$23*U_held -> 43.92866 | K23: =MAX(ABS(H23-B23-E23),ABS(I23-C23-F23),ABS(J23-D23-G23)) -> 0 | L23: =IF(F23>C23,A23,99) -> 17
A24: 18 | B24: =Declarations!$B$20*B23+Declarations!$C$20*C23+Declarations!$D$20*D23 -> 18.596716 | C24: =Declarations!$B$21*B23+Declarations!$C$21*C23+Declarations!$D$21*D23 -> 18.416572 | D24: =Declarations!$B$22*B23+Declarations!$C$22*C23+Declarations!$D$22*D23 -> 18.574198 | E24: =Declarations!$B$20*E23+Declarations!$C$20*F23+Declarations!$D$20*G23+Declarations!$B$23*U_held -> 52.150797 | F24: =Declarations!$B$21*E23+Declarations!$C$21*F23+Declarations!$D$21*G23+Declarations!$C$23*U_held -> 40.36697 | G24: =Declarations!$B$22*E23+Declarations!$C$22*F23+Declarations!$D$22*G23+Declarations!$D$23*U_held -> 25.88038 | H24: =Declarations!$B$20*H23+Declarations!$C$20*I23+Declarations!$D$20*J23+Declarations!$B$23*U_held -> 70.747513 | I24: =Declarations!$B$21*H23+Declarations!$C$21*I23+Declarations!$D$21*J23+Declarations!$C$23*U_held -> 58.783542 | J24: =Declarations!$B$22*H23+Declarations!$C$22*I23+Declarations!$D$22*J23+Declarations!$D$23*U_held -> 44.454578 | K24: =MAX(ABS(H24-B24-E24),ABS(I24-C24-F24),ABS(J24-D24-G24)) -> 0 | L24: =IF(F24>C24,A24,99) -> 18
A25: 19 | B25: =Declarations!$B$20*B24+Declarations!$C$20*C24+Declarations!$D$20*D24 -> 17.657873 | C25: =Declarations!$B$21*B24+Declarations!$C$21*C24+Declarations!$D$21*D24 -> 17.513758 | D25: =Declarations!$B$22*B24+Declarations!$C$22*C24+Declarations!$D$22*D24 -> 17.630852 | E25: =Declarations!$B$20*E24+Declarations!$C$20*F24+Declarations!$D$20*G24+Declarations!$B$23*U_held -> 53.754066 | F25: =Declarations!$B$21*E24+Declarations!$C$21*F24+Declarations!$D$21*G24+Declarations!$C$23*U_held -> 41.927004 | G25: =Declarations!$B$22*E24+Declarations!$C$22*F24+Declarations!$D$22*G24+Declarations!$D$23*U_held -> 27.348541 | H25: =Declarations!$B$20*H24+Declarations!$C$20*I24+Declarations!$D$20*J24+Declarations!$B$23*U_held -> 71.411939 | I25: =Declarations!$B$21*H24+Declarations!$C$21*I24+Declarations!$D$21*J24+Declarations!$C$23*U_held -> 59.440762 | J25: =Declarations!$B$22*H24+Declarations!$C$22*I24+Declarations!$D$22*J24+Declarations!$D$23*U_held -> 44.979392 | K25: =MAX(ABS(H25-B25-E25),ABS(I25-C25-F25),ABS(J25-D25-G25)) -> 0 | L25: =IF(F25>C25,A25,99) -> 19
A26: 20 | B26: =Declarations!$B$20*B25+Declarations!$C$20*C25+Declarations!$D$20*D25 -> 16.767774 | C26: =Declarations!$B$21*B25+Declarations!$C$21*C25+Declarations!$D$21*D25 -> 16.652482 | D26: =Declarations!$B$22*B25+Declarations!$C$22*C25+Declarations!$D$22*D25 -> 16.738951 | E26: =Declarations!$B$20*E25+Declarations!$C$20*F25+Declarations!$D$20*G25+Declarations!$B$23*U_held -> 55.275009 | F26: =Declarations!$B$21*E25+Declarations!$C$21*F25+Declarations!$D$21*G25+Declarations!$C$23*U_held -> 43.41336 | G26: =Declarations!$B$22*E25+Declarations!$C$22*F25+Declarations!$D$22*G25+Declarations!$D$23*U_held -> 28.759236 | H26: =Declarations!$B$20*H25+Declarations!$C$20*I25+Declarations!$D$20*J25+Declarations!$B$23*U_held -> 72.042783 | I26: =Declarations!$B$21*H25+Declarations!$C$21*I25+Declarations!$D$21*J25+Declarations!$C$23*U_held -> 60.065842 | J26: =Declarations!$B$22*H25+Declarations!$C$22*I25+Declarations!$D$22*J25+Declarations!$D$23*U_held -> 45.498187 | K26: =MAX(ABS(H26-B26-E26),ABS(I26-C26-F26),ABS(J26-D26-G26)) -> 0 | L26: =IF(F26>C26,A26,99) -> 20

Sheet PolicyMap
A1: Move the steady state: the policy map x* = (I - A)^(-1) B u and the spectral test (Theorem 7.3(ii); Theorem 7.4(i); Online Appendix 7.B.3; AXIOM Lab 1.7, step 2)
A3: I - A | B3: capability | C3: technology | D3: efficiency | F3: B | H3: Policy map (Equation 7.6) | I3: Value | J3: Reading
A4: capability | B4: =1-Declarations!$B$20 -> 0.1 | C4: =0-Declarations!$C$20 -> -0.05 | D4: =0-Declarations!$D$20 -> 0 | F4: =Declarations!$B$23 -> 0.6 | H4: det(I - A) | I4: =MDETERM(B4:D6) -> 0.002 | J4: nonzero: exactly one steady state for each held investment
A5: technology | B5: =0-Declarations!$B$21 -> -0.1 | C5: =1-Declarations!$C$21 -> 0.15 | D5: =0-Declarations!$D$21 -> 0 | F5: =Declarations!$C$23 -> 0.3 | H5: Per unit held: capability | I5: =MDETERM(B9:D11)/I4 -> 10.5 | J5: 10.5 (Cramer's rule)
A6: efficiency | B6: =0-Declarations!$B$22 -> -0.05 | C6: =0-Declarations!$C$22 -> -0.1 | D6: =1-Declarations!$D$22 -> 0.2 | F6: =Declarations!$D$23 -> 0 | H6: Per unit held: technology | I6: =MDETERM(B13:D15)/I4 -> 9 | J6: 9
H7: Per unit held: efficiency | I7: =MDETERM(B17:D19)/I4 -> 7.125 | J7: 7.125
A8: I - A with column 1 replaced by B | B8: capability | C8: technology | D8: efficiency | H8: Steady state at the held investment: capability | I8: =I5*U_held -> 84 | J8: 84
B9: =F4 -> 0.6 | C9: =C4 -> -0.05 | D9: =D4 -> 0 | H9: Steady state at the held investment: technology | I9: =I6*U_held -> 72 | J9: 72
B10: =F5 -> 0.3 | C10: =C5 -> 0.15 | D10: =D5 -> 0 | H10: Steady state at the held investment: efficiency | I10: =I7*U_held -> 57 | J10: 57, below today's 60
B11: =F6 -> 0 | C11: =C6 -> -0.1 | D11: =D6 -> 0.2
A12: I - A with column 2 replaced by B | B12: capability | C12: technology | D12: efficiency | H12: Spectral test (Theorem 7.4(i)) | I12: Value | J12: Reading
B13: =B4 -> 0.1 | C13: =F4 -> 0.6 | D13: =D4 -> 0 | H13: Efficiency feeds neither capability nor technology? | I13: =IF(AND(Declarations!$D$20=0,Declarations!$D$21=0),1,0) -> 1 | J13: 1: the eigenvalues are those of the top block and a33
B14: =B5 -> -0.1 | C14: =F5 -> 0.3 | D14: =D5 -> 0 | H14: Top block: trace | I14: =Declarations!$B$20+Declarations!$C$21 -> 1.75
B15: =B6 -> -0.05 | C15: =F6 -> 0 | D15: =D6 -> 0.2 | H15: Top block: determinant | I15: =Declarations!$B$20*Declarations!$C$21-Declarations!$C$20*Declarations!$B$21 -> 0.76
A16: I - A with column 3 replaced by B | B16: capability | C16: technology | D16: efficiency | H16: Eigenvalue 1 | I16: =(I14+SQRT(I14^2-4*I15))/2 -> 0.95 | J16: 0.95
B17: =B4 -> 0.1 | C17: =C4 -> -0.05 | D17: =F4 -> 0.6 | H17: Eigenvalue 2 | I17: =(I14-SQRT(I14^2-4*I15))/2 -> 0.8 | J17: 0.80
B18: =B5 -> -0.1 | C18: =C5 -> 0.15 | D18: =F5 -> 0.3 | H18: Eigenvalue 3, a33 | I18: =Declarations!$D$22 -> 0.8 | J18: 0.80
B19: =B6 -> -0.05 | C19: =C6 -> -0.1 | D19: =F6 -> 0 | H19: Spectral radius: the slowest eigenvalue | I19: =MAX(ABS(I16),ABS(I17),ABS(I18)) -> 0.95 | J19: inside the unit circle: shocks die out
H20: Half-life of a shock, ln 0.5 / ln(radius), years | I20: =LN(0.5)/LN(I19) -> 13.513407 | J20: 13.5 years
H21: Held investment at which capability's steady state reaches 100 | I21: =100/I5 -> 9.5238095 | J21: the index stops at 100
E22: Held investment | F22: 10 | H22: Held at 10 a year: first year capability passes 100 | I22: =MIN(F25:F105) -> 47 | J22: the linear law leaves the index
A24: Year | B24: Held: capability | C24: technology | D24: efficiency | F24: Passes 100? | H24: Policy sweep: held investment | I24: Steady state: capability | J24: technology | K24: efficiency
A25: 0 | B25: =Declarations!$B$24 -> 50 | C25: =Declarations!$C$24 -> 40 | D25: =Declarations!$D$24 -> 60 | F25: =IF(B25>100,A25,999) -> 999 | H25: 0 | I25: =$H25*$I$5 -> 0 | J25: =$H25*$I$6 -> 0 | K25: =$H25*$I$7 -> 0
A26: 1 | B26: =Declarations!$B$20*B25+Declarations!$C$20*C25+Declarations!$D$20*D25+Declarations!$B$23*$F$22 -> 53 | C26: =Declarations!$B$21*B25+Declarations!$C$21*C25+Declarations!$D$21*D25+Declarations!$C$23*$F$22 -> 42 | D26: =Declarations!$B$22*B25+Declarations!$C$22*C25+Declarations!$D$22*D25+Declarations!$D$23*$F$22 -> 54.5 | F26: =IF(B26>100,A26,999) -> 999 | H26: 4 | I26: =$H26*$I$5 -> 42 | J26: =$H26*$I$6 -> 36 | K26: =$H26*$I$7 -> 28.5
A27: 2 | B27: =Declarations!$B$20*B26+Declarations!$C$20*C26+Declarations!$D$20*D26+Declarations!$B$23*$F$22 -> 55.8 | C27: =Declarations!$B$21*B26+Declarations!$C$21*C26+Declarations!$D$21*D26+Declarations!$C$23*$F$22 -> 44 | D27: =Declarations!$B$22*B26+Declarations!$C$22*C26+Declarations!$D$22*D26+Declarations!$D$23*$F$22 -> 50.45 | F27: =IF(B27>100,A27,999) -> 999 | H27: 8 | I27: =$H27*$I$5 -> 84 | J27: =$H27*$I$6 -> 72 | K27: =$H27*$I$7 -> 57
A28: 3 | B28: =Declarations!$B$20*B27+Declarations!$C$20*C27+Declarations!$D$20*D27+Declarations!$B$23*$F$22 -> 58.42 | C28: =Declarations!$B$21*B27+Declarations!$C$21*C27+Declarations!$D$21*D27+Declarations!$C$23*$F$22 -> 45.98 | D28: =Declarations!$B$22*B27+Declarations!$C$22*C27+Declarations!$D$22*D27+Declarations!$D$23*$F$22 -> 47.55 | F28: =IF(B28>100,A28,999) -> 999 | H28: 9 | I28: =$H28*$I$5 -> 94.5 | J28: =$H28*$I$6 -> 81 | K28: =$H28*$I$7 -> 64.125
A29: 4 | B29: =Declarations!$B$20*B28+Declarations!$C$20*C28+Declarations!$D$20*D28+Declarations!$B$23*$F$22 -> 60.877 | C29: =Declarations!$B$21*B28+Declarations!$C$21*C28+Declarations!$D$21*D28+Declarations!$C$23*$F$22 -> 47.925 | D29: =Declarations!$B$22*B28+Declarations!$C$22*C28+Declarations!$D$22*D28+Declarations!$D$23*$F$22 -> 45.559 | F29: =IF(B29>100,A29,999) -> 999 | H29: 10 | I29: =$H29*$I$5 -> 105 | J29: =$H29*$I$6 -> 90 | K29: =$H29*$I$7 -> 71.25
A30: 5 | B30: =Declarations!$B$20*B29+Declarations!$C$20*C29+Declarations!$D$20*D29+Declarations!$B$23*$F$22 -> 63.18555 | C30: =Declarations!$B$21*B29+Declarations!$C$21*C29+Declarations!$D$21*D29+Declarations!$C$23*$F$22 -> 49.82395 | D30: =Declarations!$B$22*B29+Declarations!$C$22*C29+Declarations!$D$22*D29+Declarations!$D$23*$F$22 -> 44.28355 | F30: =IF(B30>100,A30,999) -> 999
A31: 6 | B31: =Declarations!$B$20*B30+Declarations!$C$20*C30+Declarations!$D$20*D30+Declarations!$B$23*$F$22 -> 65.358193 | C31: =Declarations!$B$21*B30+Declarations!$C$21*C30+Declarations!$D$21*D30+Declarations!$C$23*$F$22 -> 51.668912 | D31: =Declarations!$B$22*B30+Declarations!$C$22*C30+Declarations!$D$22*D30+Declarations!$D$23*$F$22 -> 43.568512 | F31: =IF(B31>100,A31,999) -> 999
A32: 7 | B32: =Declarations!$B$20*B31+Declarations!$C$20*C31+Declarations!$D$20*D31+Declarations!$B$23*$F$22 -> 67.405819 | C32: =Declarations!$B$21*B31+Declarations!$C$21*C31+Declarations!$D$21*D31+Declarations!$C$23*$F$22 -> 53.454395 | D32: =Declarations!$B$22*B31+Declarations!$C$22*C31+Declarations!$D$22*D31+Declarations!$D$23*$F$22 -> 43.289611 | F32: =IF(B32>100,A32,999) -> 999
A33: 8 | B33: =Declarations!$B$20*B32+Declarations!$C$20*C32+Declarations!$D$20*D32+Declarations!$B$23*$F$22 -> 69.337957 | C33: =Declarations!$B$21*B32+Declarations!$C$21*C32+Declarations!$D$21*D32+Declarations!$C$23*$F$22 -> 55.176818 | D33: =Declarations!$B$22*B32+Declarations!$C$22*C32+Declarations!$D$22*D32+Declarations!$D$23*$F$22 -> 43.347419 | F33: =IF(B33>100,A33,999) -> 999
A34: 9 | B34: =Declarations!$B$20*B33+Declarations!$C$20*C33+Declarations!$D$20*D33+Declarations!$B$23*$F$22 -> 71.163002 | C34: =Declarations!$B$21*B33+Declarations!$C$21*C33+Declarations!$D$21*D33+Declarations!$C$23*$F$22 -> 56.834091 | D34: =Declarations!$B$22*B33+Declarations!$C$22*C33+Declarations!$D$22*D33+Declarations!$D$23*$F$22 -> 43.662515 | F34: =IF(B34>100,A34,999) -> 999
A35: 10 | B35: =Declarations!$B$20*B34+Declarations!$C$20*C34+Declarations!$D$20*D34+Declarations!$B$23*$F$22 -> 72.888406 | C35: =Declarations!$B$21*B34+Declarations!$C$21*C34+Declarations!$D$21*D34+Declarations!$C$23*$F$22 -> 58.425277 | D35: =Declarations!$B$22*B34+Declarations!$C$22*C34+Declarations!$D$22*D34+Declarations!$D$23*$F$22 -> 44.171571 | F35: =IF(B35>100,A35,999) -> 999
A36: 11 | B36: =Declarations!$B$20*B35+Declarations!$C$20*C35+Declarations!$D$20*D35+Declarations!$B$23*$F$22 -> 74.52083 | C36: =Declarations!$B$21*B35+Declarations!$C$21*C35+Declarations!$D$21*D35+Declarations!$C$23*$F$22 -> 59.950326 | D36: =Declarations!$B$22*B35+Declarations!$C$22*C35+Declarations!$D$22*D35+Declarations!$D$23*$F$22 -> 44.824205 | F36: =IF(B36>100,A36,999) -> 999
A37: 12 | B37: =Declarations!$B$20*B36+Declarations!$C$20*C36+Declarations!$D$20*D36+Declarations!$B$23*$F$22 -> 76.066263 | C37: =Declarations!$B$21*B36+Declarations!$C$21*C36+Declarations!$D$21*D36+Declarations!$C$23*$F$22 -> 61.40986 | D37: =Declarations!$B$22*B36+Declarations!$C$22*C36+Declarations!$D$22*D36+Declarations!$D$23*$F$22 -> 45.580438 | F37: =IF(B37>100,A37,999) -> 999
A38: 13 | B38: =Declarations!$B$20*B37+Declarations!$C$20*C37+Declarations!$D$20*D37+Declarations!$B$23*$F$22 -> 77.53013 | C38: =Declarations!$B$21*B37+Declarations!$C$21*C37+Declarations!$D$21*D37+Declarations!$C$23*$F$22 -> 62.805007 | D38: =Declarations!$B$22*B37+Declarations!$C$22*C37+Declarations!$D$22*D37+Declarations!$D$23*$F$22 -> 46.40865 | F38: =IF(B38>100,A38,999) -> 999
A39: 14 | B39: =Declarations!$B$20*B38+Declarations!$C$20*C38+Declarations!$D$20*D38+Declarations!$B$23*$F$22 -> 78.917367 | C39: =Declarations!$B$21*B38+Declarations!$C$21*C38+Declarations!$D$21*D38+Declarations!$C$23*$F$22 -> 64.137269 | D39: =Declarations!$B$22*B38+Declarations!$C$22*C38+Declarations!$D$22*D38+Declarations!$D$23*$F$22 -> 47.283927 | F39: =IF(B39>100,A39,999) -> 999
A40: 15 | B40: =Declarations!$B$20*B39+Declarations!$C$20*C39+Declarations!$D$20*D39+Declarations!$B$23*$F$22 -> 80.232494 | C40: =Declarations!$B$21*B39+Declarations!$C$21*C39+Declarations!$D$21*D39+Declarations!$C$23*$F$22 -> 65.408416 | D40: =Declarations!$B$22*B39+Declarations!$C$22*C39+Declarations!$D$22*D39+Declarations!$D$23*$F$22 -> 48.186737 | F40: =IF(B40>100,A40,999) -> 999
A41: 16 | B41: =Declarations!$B$20*B40+Declarations!$C$20*C40+Declarations!$D$20*D40+Declarations!$B$23*$F$22 -> 81.479665 | C41: =Declarations!$B$21*B40+Declarations!$C$21*C40+Declarations!$D$21*D40+Declarations!$C$23*$F$22 -> 66.620403 | D41: =Declarations!$B$22*B40+Declarations!$C$22*C40+Declarations!$D$22*D40+Declarations!$D$23*$F$22 -> 49.101856 | F41: =IF(B41>100,A41,999) -> 999
... A105: 80 | B105: =Declarations!$B$20*B104+Declarations!$C$20*C104+Declarations!$D$20*D104+Declarations!$B$23*$F$22 -> 104.11918 | C105: =Declarations!$B$21*B104+Declarations!$C$21*C104+Declarations!$D$21*D104+Declarations!$C$23*$F$22 -> 89.11918 | D105: =Declarations!$B$22*B104+Declarations!$C$22*C104+Declarations!$D$22*D104+Declarations!$D$23*$F$22 -> 70.369181 | F105: =IF(B105>100,A105,999) -> 80

Sheet Disclosure
A1: Probe the disclosure: what the covenant package reveals (Theorem 7.2(iii); Equation 7.5; Online Appendix 7.B.2; AXIOM Lab 1.7, step 3)
A2: Rows of the observability matrix: liquidity's row of C A^k and leverage's, quarter by quarter. Case 1: technology feeds capability; case 2: it feeds nothing. Liquidity's rows never load on leverage and leverage's load on nothing else, so the readings separate.
W3: Rank of Equation 7.5 (n = 4) | X3: liquidity | Y3: leverage | Z3: capability | AA3: technology | AB3: Rank
W4: Case 1: technology feeds capability | X4: =IF(SUMPRODUCT(ABS(B8:B11))+SUMPRODUCT(ABS(F8:F11))>0,1,0) -> 1 | Y4: =IF(SUMPRODUCT(ABS(C8:C11))+SUMPRODUCT(ABS(G8:G11))>0,1,0) -> 1 | Z4: =IF(SUMPRODUCT(ABS(D8:D11))+SUMPRODUCT(ABS(H8:H11))>0,1,0) -> 1 | AA4: =IF(SUMPRODUCT(ABS(E8:E11))+SUMPRODUCT(ABS(I8:I11))>0,1,0) -> 1 | AB4: =SUM(X4:AA4) -> 4
W5: Case 2: technology feeds nothing | X5: =IF(SUMPRODUCT(ABS(K8:K11))+SUMPRODUCT(ABS(O8:O11))>0,1,0) -> 1 | Y5: =IF(SUMPRODUCT(ABS(L8:L11))+SUMPRODUCT(ABS(P8:P11))>0,1,0) -> 1 | Z5: =IF(SUMPRODUCT(ABS(M8:M11))+SUMPRODUCT(ABS(Q8:Q11))>0,1,0) -> 1 | AA5: =IF(SUMPRODUCT(ABS(N8:N11))+SUMPRODUCT(ABS(R8:R11))>0,1,0) -> 0 | AB5: =SUM(X5:AA5) -> 3
W6: Here every invisible direction is a whole reading (its column is zero), so the rank is the number of visible readings; the determinants below certify that the visible ones are independent.
A7: k | B7: Case 1, liquidity row: liquidity | C7: leverage | D7: capability | E7: technology | F7: Case 1, leverage row: liquidity | G7: leverage | H7: capability | I7: technology | K7: Case 2, liquidity row: liquidity | L7: leverage | M7: capability | N7: technology | O7: Case 2, leverage row: liquidity | P7: leverage | Q7: capability | R7: technology
A8: 0 | B8: 1 | C8: 0 | D8: 0 | E8: 0 | F8: 0 | G8: 1 | H8: 0 | I8: 0 | K8: 1 | L8: 0 | M8: 0 | N8: 0 | O8: 0 | P8: 1 | Q8: 0 | R8: 0 | W8: Case 1: rows liquidity k = 0, 1, 2 and leverage k = 0 | X8: liquidity | Y8: leverage | Z8: capability | AA8: technology
A9: 1 | B9: =B8*Declarations!$B$29+C8*Declarations!$B$30+D8*Declarations!$B$31+E8*Declarations!$B$32 -> 0.95 | C9: =B8*Declarations!$C$29+C8*Declarations!$C$30+D8*Declarations!$C$31+E8*Declarations!$C$32 -> 0 | D9: =B8*Declarations!$D$29+C8*Declarations!$D$30+D8*Declarations!$D$31+E8*Declarations!$D$32 -> 0.04 | E9: =B8*Declarations!$E$29+C8*Declarations!$E$30+D8*Declarations!$E$31+E8*Declarations!$E$32 -> 0 | F9: =F8*Declarations!$B$29+G8*Declarations!$B$30+H8*Declarations!$B$31+I8*Declarations!$B$32 -> 0 | G9: =F8*Declarations!$C$29+G8*Declarations!$C$30+H8*Declarations!$C$31+I8*Declarations!$C$32 -> 0.9 | H9: =F8*Declarations!$D$29+G8*Declarations!$D$30+H8*Declarations!$D$31+I8*Declarations!$D$32 -> 0 | I9: =F8*Declarations!$E$29+G8*Declarations!$E$30+H8*Declarations!$E$31+I8*Declarations!$E$32 -> 0 | K9: =K8*Declarations!$B$29+L8*Declarations!$B$30+M8*Declarations!$B$31+N8*Declarations!$B$32 -> 0.95 | L9: =K8*Declarations!$C$29+L8*Declarations!$C$30+M8*Declarations!$C$31+N8*Declarations!$C$32 -> 0 | M9: =K8*Declarations!$D$29+L8*Declarations!$D$30+M8*Declarations!$D$31+N8*Declarations!$D$32 -> 0.04 | N9: =K8*Declarations!$E$29+L8*Declarations!$E$30+M8*Tech_to_cap_case2+N8*Declarations!$E$32 -> 0 | O9: =O8*Declarations!$B$29+P8*Declarations!$B$30+Q8*Declarations!$B$31+R8*Declarations!$B$32 -> 0 | P9: =O8*Declarations!$C$29+P8*Declarations!$C$30+Q8*Declarations!$C$31+R8*Declarations!$C$32 -> 0.9 | Q9: =O8*Declarations!$D$29+P8*Declarations!$D$30+Q8*Declarations!$D$31+R8*Declarations!$D$32 -> 0 | R9: =O8*Declarations!$E$29+P8*Declarations!$E$30+Q8*Tech_to_cap_case2+R8*Declarations!$E$32 -> 0 | X9: =B8 -> 1 | Y9: =C8 -> 0 | Z9: =D8 -> 0 | AA9: =E8 -> 0
A10: 2 | B10: =B9*Declarations!$B$29+C9*Declarations!$B$30+D9*Declarations!$B$31+E9*Declarations!$B$32 -> 0.9025 | C10: =B9*Declarations!$C$29+C9*Declarations!$C$30+D9*Declarations!$C$31+E9*Declarations!$C$32 -> 0 | D10: =B9*Declarations!$D$29+C9*Declarations!$D$30+D9*Declarations!$D$31+E9*Declarations!$D$32 -> 0.074 | E10: =B9*Declarations!$E$29+C9*Declarations!$E$30+D9*Declarations!$E$31+E9*Declarations!$E$32 -> 0.002 | F10: =F9*Declarations!$B$29+G9*Declarations!$B$30+H9*Declarations!$B$31+I9*Declarations!$B$32 -> 0 | G10: =F9*Declarations!$C$29+G9*Declarations!$C$30+H9*Declarations!$C$31+I9*Declarations!$C$32 -> 0.81 | H10: =F9*Declarations!$D$29+G9*Declarations!$D$30+H9*Declarations!$D$31+I9*Declarations!$D$32 -> 0 | I10: =F9*Declarations!$E$29+G9*Declarations!$E$30+H9*Declarations!$E$31+I9*Declarations!$E$32 -> 0 | K10: =K9*Declarations!$B$29+L9*Declarations!$B$30+M9*Declarations!$B$31+N9*Declarations!$B$32 -> 0.9025 | L10: =K9*Declarations!$C$29+L9*Declarations!$C$30+M9*Declarations!$C$31+N9*Declarations!$C$32 -> 0 | M10: =K9*Declarations!$D$29+L9*Declarations!$D$30+M9*Declarations!$D$31+N9*Declarations!$D$32 -> 0.074 | N10: =K9*Declarations!$E$29+L9*Declarations!$E$30+M9*Tech_to_cap_case2+N9*Declarations!$E$32 -> 0 | O10: =O9*Declarations!$B$29+P9*Declarations!$B$30+Q9*Declarations!$B$31+R9*Declarations!$B$32 -> 0 | P10: =O9*Declarations!$C$29+P9*Declarations!$C$30+Q9*Declarations!$C$31+R9*Declarations!$C$32 -> 0.81 | Q10: =O9*Declarations!$D$29+P9*Declarations!$D$30+Q9*Declarations!$D$31+R9*Declarations!$D$32 -> 0 | R10: =O9*Declarations!$E$29+P9*Declarations!$E$30+Q9*Tech_to_cap_case2+R9*Declarations!$E$32 -> 0 | X10: =B9 -> 0.95 | Y10: =C9 -> 0 | Z10: =D9 -> 0.04 | AA10: =E9 -> 0
A11: 3 | B11: =B10*Declarations!$B$29+C10*Declarations!$B$30+D10*Declarations!$B$31+E10*Declarations!$B$32 -> 0.857375 | C11: =B10*Declarations!$C$29+C10*Declarations!$C$30+D10*Declarations!$C$31+E10*Declarations!$C$32 -> 0 | D11: =B10*Declarations!$D$29+C10*Declarations!$D$30+D10*Declarations!$D$31+E10*Declarations!$D$32 -> 0.1027 | E11: =B10*Declarations!$E$29+C10*Declarations!$E$30+D10*Declarations!$E$31+E10*Declarations!$E$32 -> 0.00554 | F11: =F10*Declarations!$B$29+G10*Declarations!$B$30+H10*Declarations!$B$31+I10*Declarations!$B$32 -> 0 | G11: =F10*Declarations!$C$29+G10*Declarations!$C$30+H10*Declarations!$C$31+I10*Declarations!$C$32 -> 0.729 | H11: =F10*Declarations!$D$29+G10*Declarations!$D$30+H10*Declarations!$D$31+I10*Declarations!$D$32 -> 0 | I11: =F10*Declarations!$E$29+G10*Declarations!$E$30+H10*Declarations!$E$31+I10*Declarations!$E$32 -> 0 | K11: =K10*Declarations!$B$29+L10*Declarations!$B$30+M10*Declarations!$B$31+N10*Declarations!$B$32 -> 0.857375 | L11: =K10*Declarations!$C$29+L10*Declarations!$C$30+M10*Declarations!$C$31+N10*Declarations!$C$32 -> 0 | M11: =K10*Declarations!$D$29+L10*Declarations!$D$30+M10*Declarations!$D$31+N10*Declarations!$D$32 -> 0.1027 | N11: =K10*Declarations!$E$29+L10*Declarations!$E$30+M10*Tech_to_cap_case2+N10*Declarations!$E$32 -> 0 | O11: =O10*Declarations!$B$29+P10*Declarations!$B$30+Q10*Declarations!$B$31+R10*Declarations!$B$32 -> 0 | P11: =O10*Declarations!$C$29+P10*Declarations!$C$30+Q10*Declarations!$C$31+R10*Declarations!$C$32 -> 0.729 | Q11: =O10*Declarations!$D$29+P10*Declarations!$D$30+Q10*Declarations!$D$31+R10*Declarations!$D$32 -> 0 | R11: =O10*Declarations!$E$29+P10*Declarations!$E$30+Q10*Tech_to_cap_case2+R10*Declarations!$E$32 -> 0 | X11: =B10 -> 0.9025 | Y11: =C10 -> 0 | Z11: =D10 -> 0.074 | AA11: =E10 -> 0.002
A12: 4 | B12: =B11*Declarations!$B$29+C11*Declarations!$B$30+D11*Declarations!$B$31+E11*Declarations!$B$32 -> 0.81450625 | C12: =B11*Declarations!$C$29+C11*Declarations!$C$30+D11*Declarations!$C$31+E11*Declarations!$C$32 -> 0 | D12: =B11*Declarations!$D$29+C11*Declarations!$D$30+D11*Declarations!$D$31+E11*Declarations!$D$32 -> 0.126725 | E12: =B11*Declarations!$E$29+C11*Declarations!$E$30+D11*Declarations!$E$31+E11*Declarations!$E$32 -> 0.0102318 | F12: =F11*Declarations!$B$29+G11*Declarations!$B$30+H11*Declarations!$B$31+I11*Declarations!$B$32 -> 0 | G12: =F11*Declarations!$C$29+G11*Declarations!$C$30+H11*Declarations!$C$31+I11*Declarations!$C$32 -> 0.6561 | H12: =F11*Declarations!$D$29+G11*Declarations!$D$30+H11*Declarations!$D$31+I11*Declarations!$D$32 -> 0 | I12: =F11*Declarations!$E$29+G11*Declarations!$E$30+H11*Declarations!$E$31+I11*Declarations!$E$32 -> 0 | K12: =K11*Declarations!$B$29+L11*Declarations!$B$30+M11*Declarations!$B$31+N11*Declarations!$B$32 -> 0.81450625 | L12: =K11*Declarations!$C$29+L11*Declarations!$C$30+M11*Declarations!$C$31+N11*Declarations!$C$32 -> 0 | M12: =K11*Declarations!$D$29+L11*Declarations!$D$30+M11*Declarations!$D$31+N11*Declarations!$D$32 -> 0.126725 | N12: =K11*Declarations!$E$29+L11*Declarations!$E$30+M11*Tech_to_cap_case2+N11*Declarations!$E$32 -> 0 | O12: =O11*Declarations!$B$29+P11*Declarations!$B$30+Q11*Declarations!$B$31+R11*Declarations!$B$32 -> 0 | P12: =O11*Declarations!$C$29+P11*Declarations!$C$30+Q11*Declarations!$C$31+R11*Declarations!$C$32 -> 0.6561 | Q12: =O11*Declarations!$D$29+P11*Declarations!$D$30+Q11*Declarations!$D$31+R11*Declarations!$D$32 -> 0 | R12: =O11*Declarations!$E$29+P11*Declarations!$E$30+Q11*Tech_to_cap_case2+R11*Declarations!$E$32 -> 0 | X12: =F8 -> 0 | Y12: =G8 -> 1 | Z12: =H8 -> 0 | AA12: =I8 -> 0
A13: 5 | B13: =B12*Declarations!$B$29+C12*Declarations!$B$30+D12*Declarations!$B$31+E12*Declarations!$B$32 -> 0.77378094 | C13: =B12*Declarations!$C$29+C12*Declarations!$C$30+D12*Declarations!$C$31+E12*Declarations!$C$32 -> 0 | D13: =B12*Declarations!$D$29+C12*Declarations!$D$30+D12*Declarations!$D$31+E12*Declarations!$D$32 -> 0.14663275 | E13: =B12*Declarations!$E$29+C12*Declarations!$E$30+D12*Declarations!$E$31+E12*Declarations!$E$32 -> 0.015749506 | F13: =F12*Declarations!$B$29+G12*Declarations!$B$30+H12*Declarations!$B$31+I12*Declarations!$B$32 -> 0 | G13: =F12*Declarations!$C$29+G12*Declarations!$C$30+H12*Declarations!$C$31+I12*Declarations!$C$32 -> 0.59049 | H13: =F12*Declarations!$D$29+G12*Declarations!$D$30+H12*Declarations!$D$31+I12*Declarations!$D$32 -> 0 | I13: =F12*Declarations!$E$29+G12*Declarations!$E$30+H12*Declarations!$E$31+I12*Declarations!$E$32 -> 0 | K13: =K12*Declarations!$B$29+L12*Declarations!$B$30+M12*Declarations!$B$31+N12*Declarations!$B$32 -> 0.77378094 | L13: =K12*Declarations!$C$29+L12*Declarations!$C$30+M12*Declarations!$C$31+N12*Declarations!$C$32 -> 0 | M13: =K12*Declarations!$D$29+L12*Declarations!$D$30+M12*Declarations!$D$31+N12*Declarations!$D$32 -> 0.14663275 | N13: =K12*Declarations!$E$29+L12*Declarations!$E$30+M12*Tech_to_cap_case2+N12*Declarations!$E$32 -> 0 | O13: =O12*Declarations!$B$29+P12*Declarations!$B$30+Q12*Declarations!$B$31+R12*Declarations!$B$32 -> 0 | P13: =O12*Declarations!$C$29+P12*Declarations!$C$30+Q12*Declarations!$C$31+R12*Declarations!$C$32 -> 0.59049 | Q13: =O12*Declarations!$D$29+P12*Declarations!$D$30+Q12*Declarations!$D$31+R12*Declarations!$D$32 -> 0 | R13: =O12*Declarations!$E$29+P12*Declarations!$E$30+Q12*Tech_to_cap_case2+R12*Declarations!$E$32 -> 0 | W13: Determinant: nonzero, so all four readings are visible | X13: =MDETERM(X9:AA12) -> 8e-05
A14: 6 | B14: =B13*Declarations!$B$29+C13*Declarations!$B$30+D13*Declarations!$B$31+E13*Declarations!$B$32 -> 0.73509189 | C14: =B13*Declarations!$C$29+C13*Declarations!$C$30+D13*Declarations!$C$31+E13*Declarations!$C$32 -> 0 | D14: =B13*Declarations!$D$29+C13*Declarations!$D$30+D13*Declarations!$D$31+E13*Declarations!$D$32 -> 0.16292071 | E14: =B13*Declarations!$E$29+C13*Declarations!$E$30+D13*Declarations!$E$31+E13*Declarations!$E$32 -> 0.021821183 | F14: =F13*Declarations!$B$29+G13*Declarations!$B$30+H13*Declarations!$B$31+I13*Declarations!$B$32 -> 0 | G14: =F13*Declarations!$C$29+G13*Declarations!$C$30+H13*Declarations!$C$31+I13*Declarations!$C$32 -> 0.531441 | H14: =F13*Declarations!$D$29+G13*Declarations!$D$30+H13*Declarations!$D$31+I13*Declarations!$D$32 -> 0 | I14: =F13*Declarations!$E$29+G13*Declarations!$E$30+H13*Declarations!$E$31+I13*Declarations!$E$32 -> 0 | K14: =K13*Declarations!$B$29+L13*Declarations!$B$30+M13*Declarations!$B$31+N13*Declarations!$B$32 -> 0.73509189 | L14: =K13*Declarations!$C$29+L13*Declarations!$C$30+M13*Declarations!$C$31+N13*Declarations!$C$32 -> 0 | M14: =K13*Declarations!$D$29+L13*Declarations!$D$30+M13*Declarations!$D$31+N13*Declarations!$D$32 -> 0.16292071 | N14: =K13*Declarations!$E$29+L13*Declarations!$E$30+M13*Tech_to_cap_case2+N13*Declarations!$E$32 -> 0 | O14: =O13*Declarations!$B$29+P13*Declarations!$B$30+Q13*Declarations!$B$31+R13*Declarations!$B$32 -> 0 | P14: =O13*Declarations!$C$29+P13*Declarations!$C$30+Q13*Declarations!$C$31+R13*Declarations!$C$32 -> 0.531441 | Q14: =O13*Declarations!$D$29+P13*Declarations!$D$30+Q13*Declarations!$D$31+R13*Declarations!$D$32 -> 0 | R14: =O13*Declarations!$E$29+P13*Declarations!$E$30+Q13*Tech_to_cap_case2+R13*Declarations!$E$32 -> 0
A15: 7 | B15: =B14*Declarations!$B$29+C14*Declarations!$B$30+D14*Declarations!$B$31+E14*Declarations!$B$32 -> 0.6983373 | C15: =B14*Declarations!$C$29+C14*Declarations!$C$30+D14*Declarations!$C$31+E14*Declarations!$C$32 -> 0 | D15: =B14*Declarations!$D$29+C14*Declarations!$D$30+D14*Declarations!$D$31+E14*Declarations!$D$32 -> 0.17603232 | E15: =B14*Declarations!$E$29+C14*Declarations!$E$30+D14*Declarations!$E$31+E14*Declarations!$E$32 -> 0.028221524 | F15: =F14*Declarations!$B$29+G14*Declarations!$B$30+H14*Declarations!$B$31+I14*Declarations!$B$32 -> 0 | G15: =F14*Declarations!$C$29+G14*Declarations!$C$30+H14*Declarations!$C$31+I14*Declarations!$C$32 -> 0.4782969 | H15: =F14*Declarations!$D$29+G14*Declarations!$D$30+H14*Declarations!$D$31+I14*Declarations!$D$32 -> 0 | I15: =F14*Declarations!$E$29+G14*Declarations!$E$30+H14*Declarations!$E$31+I14*Declarations!$E$32 -> 0 | K15: =K14*Declarations!$B$29+L14*Declarations!$B$30+M14*Declarations!$B$31+N14*Declarations!$B$32 -> 0.6983373 | L15: =K14*Declarations!$C$29+L14*Declarations!$C$30+M14*Declarations!$C$31+N14*Declarations!$C$32 -> 0 | M15: =K14*Declarations!$D$29+L14*Declarations!$D$30+M14*Declarations!$D$31+N14*Declarations!$D$32 -> 0.17603232 | N15: =K14*Declarations!$E$29+L14*Declarations!$E$30+M14*Tech_to_cap_case2+N14*Declarations!$E$32 -> 0 | O15: =O14*Declarations!$B$29+P14*Declarations!$B$30+Q14*Declarations!$B$31+R14*Declarations!$B$32 -> 0 | P15: =O14*Declarations!$C$29+P14*Declarations!$C$30+Q14*Declarations!$C$31+R14*Declarations!$C$32 -> 0.4782969 | Q15: =O14*Declarations!$D$29+P14*Declarations!$D$30+Q14*Declarations!$D$31+R14*Declarations!$D$32 -> 0 | R15: =O14*Declarations!$E$29+P14*Declarations!$E$30+Q14*Tech_to_cap_case2+R14*Declarations!$E$32 -> 0 | W15: Case 2: liquidity k = 0, 1 and leverage k = 0, on the visible readings | X15: liquidity | Y15: leverage | Z15: capability
A16: 8 | B16: =B15*Declarations!$B$29+C15*Declarations!$B$30+D15*Declarations!$B$31+E15*Declarations!$B$32 -> 0.66342043 | C16: =B15*Declarations!$C$29+C15*Declarations!$C$30+D15*Declarations!$C$31+E15*Declarations!$C$32 -> 0 | D16: =B15*Declarations!$D$29+C15*Declarations!$D$30+D15*Declarations!$D$31+E15*Declarations!$D$32 -> 0.18636258 | E16: =B15*Declarations!$E$29+C15*Declarations!$E$30+D15*Declarations!$E$31+E15*Declarations!$E$32 -> 0.034765418 | F16: =F15*Declarations!$B$29+G15*Declarations!$B$30+H15*Declarations!$B$31+I15*Declarations!$B$32 -> 0 | G16: =F15*Declarations!$C$29+G15*Declarations!$C$30+H15*Declarations!$C$31+I15*Declarations!$C$32 -> 0.43046721 | H16: =F15*Declarations!$D$29+G15*Declarations!$D$30+H15*Declarations!$D$31+I15*Declarations!$D$32 -> 0 | I16: =F15*Declarations!$E$29+G15*Declarations!$E$30+H15*Declarations!$E$31+I15*Declarations!$E$32 -> 0 | K16: =K15*Declarations!$B$29+L15*Declarations!$B$30+M15*Declarations!$B$31+N15*Declarations!$B$32 -> 0.66342043 | L16: =K15*Declarations!$C$29+L15*Declarations!$C$30+M15*Declarations!$C$31+N15*Declarations!$C$32 -> 0 | M16: =K15*Declarations!$D$29+L15*Declarations!$D$30+M15*Declarations!$D$31+N15*Declarations!$D$32 -> 0.18636258 | N16: =K15*Declarations!$E$29+L15*Declarations!$E$30+M15*Tech_to_cap_case2+N15*Declarations!$E$32 -> 0 | O16: =O15*Declarations!$B$29+P15*Declarations!$B$30+Q15*Declarations!$B$31+R15*Declarations!$B$32 -> 0 | P16: =O15*Declarations!$C$29+P15*Declarations!$C$30+Q15*Declarations!$C$31+R15*Declarations!$C$32 -> 0.43046721 | Q16: =O15*Declarations!$D$29+P15*Declarations!$D$30+Q15*Declarations!$D$31+R15*Declarations!$D$32 -> 0 | R16: =O15*Declarations!$E$29+P15*Declarations!$E$30+Q15*Tech_to_cap_case2+R15*Declarations!$E$32 -> 0 | X16: =K8 -> 1 | Y16: =L8 -> 0 | Z16: =M8 -> 0
A17: 9 | B17: =B16*Declarations!$B$29+C16*Declarations!$B$30+D16*Declarations!$B$31+E16*Declarations!$B$32 -> 0.63024941 | C17: =B16*Declarations!$C$29+C16*Declarations!$C$30+D16*Declarations!$C$31+E16*Declarations!$C$32 -> 0 | D17: =B16*Declarations!$D$29+C16*Declarations!$D$30+D16*Declarations!$D$31+E16*Declarations!$D$32 -> 0.19426314 | E17: =B16*Declarations!$E$29+C16*Declarations!$E$30+D16*Declarations!$E$31+E16*Declarations!$E$32 -> 0.041302313 | F17: =F16*Declarations!$B$29+G16*Declarations!$B$30+H16*Declarations!$B$31+I16*Declarations!$B$32 -> 0 | G17: =F16*Declarations!$C$29+G16*Declarations!$C$30+H16*Declarations!$C$31+I16*Declarations!$C$32 -> 0.38742049 | H17: =F16*Declarations!$D$29+G16*Declarations!$D$30+H16*Declarations!$D$31+I16*Declarations!$D$32 -> 0 | I17: =F16*Declarations!$E$29+G16*Declarations!$E$30+H16*Declarations!$E$31+I16*Declarations!$E$32 -> 0 | K17: =K16*Declarations!$B$29+L16*Declarations!$B$30+M16*Declarations!$B$31+N16*Declarations!$B$32 -> 0.63024941 | L17: =K16*Declarations!$C$29+L16*Declarations!$C$30+M16*Declarations!$C$31+N16*Declarations!$C$32 -> 0 | M17: =K16*Declarations!$D$29+L16*Declarations!$D$30+M16*Declarations!$D$31+N16*Declarations!$D$32 -> 0.19426314 | N17: =K16*Declarations!$E$29+L16*Declarations!$E$30+M16*Tech_to_cap_case2+N16*Declarations!$E$32 -> 0 | O17: =O16*Declarations!$B$29+P16*Declarations!$B$30+Q16*Declarations!$B$31+R16*Declarations!$B$32 -> 0 | P17: =O16*Declarations!$C$29+P16*Declarations!$C$30+Q16*Declarations!$C$31+R16*Declarations!$C$32 -> 0.38742049 | Q17: =O16*Declarations!$D$29+P16*Declarations!$D$30+Q16*Declarations!$D$31+R16*Declarations!$D$32 -> 0 | R17: =O16*Declarations!$E$29+P16*Declarations!$E$30+Q16*Tech_to_cap_case2+R16*Declarations!$E$32 -> 0 | X17: =K9 -> 0.95 | Y17: =L9 -> 0 | Z17: =M9 -> 0.04
A18: 10 | B18: =B17*Declarations!$B$29+C17*Declarations!$B$30+D17*Declarations!$B$31+E17*Declarations!$B$32 -> 0.59873694 | C18: =B17*Declarations!$C$29+C17*Declarations!$C$30+D17*Declarations!$C$31+E17*Declarations!$C$32 -> 0 | D18: =B17*Declarations!$D$29+C17*Declarations!$D$30+D17*Declarations!$D$31+E17*Declarations!$D$32 -> 0.2000468 | E18: =B17*Declarations!$E$29+C17*Declarations!$E$30+D17*Declarations!$E$31+E17*Declarations!$E$32 -> 0.047711285 | F18: =F17*Declarations!$B$29+G17*Declarations!$B$30+H17*Declarations!$B$31+I17*Declarations!$B$32 -> 0 | G18: =F17*Declarations!$C$29+G17*Declarations!$C$30+H17*Declarations!$C$31+I17*Declarations!$C$32 -> 0.34867844 | H18: =F17*Declarations!$D$29+G17*Declarations!$D$30+H17*Declarations!$D$31+I17*Declarations!$D$32 -> 0 | I18: =F17*Declarations!$E$29+G17*Declarations!$E$30+H17*Declarations!$E$31+I17*Declarations!$E$32 -> 0 | K18: =K17*Declarations!$B$29+L17*Declarations!$B$30+M17*Declarations!$B$31+N17*Declarations!$B$32 -> 0.59873694 | L18: =K17*Declarations!$C$29+L17*Declarations!$C$30+M17*Declarations!$C$31+N17*Declarations!$C$32 -> 0 | M18: =K17*Declarations!$D$29+L17*Declarations!$D$30+M17*Declarations!$D$31+N17*Declarations!$D$32 -> 0.2000468 | N18: =K17*Declarations!$E$29+L17*Declarations!$E$30+M17*Tech_to_cap_case2+N17*Declarations!$E$32 -> 0 | O18: =O17*Declarations!$B$29+P17*Declarations!$B$30+Q17*Declarations!$B$31+R17*Declarations!$B$32 -> 0 | P18: =O17*Declarations!$C$29+P17*Declarations!$C$30+Q17*Declarations!$C$31+R17*Declarations!$C$32 -> 0.34867844 | Q18: =O17*Declarations!$D$29+P17*Declarations!$D$30+Q17*Declarations!$D$31+R17*Declarations!$D$32 -> 0 | R18: =O17*Declarations!$E$29+P17*Declarations!$E$30+Q17*Tech_to_cap_case2+R17*Declarations!$E$32 -> 0 | X18: =O8 -> 0 | Y18: =P8 -> 1 | Z18: =Q8 -> 0
A19: 11 | B19: =B18*Declarations!$B$29+C18*Declarations!$B$30+D18*Declarations!$B$31+E18*Declarations!$B$32 -> 0.56880009 | C19: =B18*Declarations!$C$29+C18*Declarations!$C$30+D18*Declarations!$C$31+E18*Declarations!$C$32 -> 0 | D19: =B18*Declarations!$D$29+C18*Declarations!$D$30+D18*Declarations!$D$31+E18*Declarations!$D$32 -> 0.2039916 | E19: =B18*Declarations!$E$29+C18*Declarations!$E$30+D18*Declarations!$E$31+E18*Declarations!$E$32 -> 0.053896722 | F19: =F18*Declarations!$B$29+G18*Declarations!$B$30+H18*Declarations!$B$31+I18*Declarations!$B$32 -> 0 | G19: =F18*Declarations!$C$29+G18*Declarations!$C$30+H18*Declarations!$C$31+I18*Declarations!$C$32 -> 0.3138106 | H19: =F18*Declarations!$D$29+G18*Declarations!$D$30+H18*Declarations!$D$31+I18*Declarations!$D$32 -> 0 | I19: =F18*Declarations!$E$29+G18*Declarations!$E$30+H18*Declarations!$E$31+I18*Declarations!$E$32 -> 0 | K19: =K18*Declarations!$B$29+L18*Declarations!$B$30+M18*Declarations!$B$31+N18*Declarations!$B$32 -> 0.56880009 | L19: =K18*Declarations!$C$29+L18*Declarations!$C$30+M18*Declarations!$C$31+N18*Declarations!$C$32 -> 0 | M19: =K18*Declarations!$D$29+L18*Declarations!$D$30+M18*Declarations!$D$31+N18*Declarations!$D$32 -> 0.2039916 | N19: =K18*Declarations!$E$29+L18*Declarations!$E$30+M18*Tech_to_cap_case2+N18*Declarations!$E$32 -> 0 | O19: =O18*Declarations!$B$29+P18*Declarations!$B$30+Q18*Declarations!$B$31+R18*Declarations!$B$32 -> 0 | P19: =O18*Declarations!$C$29+P18*Declarations!$C$30+Q18*Declarations!$C$31+R18*Declarations!$C$32 -> 0.3138106 | Q19: =O18*Declarations!$D$29+P18*Declarations!$D$30+Q18*Declarations!$D$31+R18*Declarations!$D$32 -> 0 | R19: =O18*Declarations!$E$29+P18*Declarations!$E$30+Q18*Tech_to_cap_case2+R18*Declarations!$E$32 -> 0 | W19: Determinant: nonzero, so the rank is exactly 3 | X19: =MDETERM(X16:Z18) -> -0.04
A20: 12 | B20: =B19*Declarations!$B$29+C19*Declarations!$B$30+D19*Declarations!$B$31+E19*Declarations!$B$32 -> 0.54036009 | C20: =B19*Declarations!$C$29+C19*Declarations!$C$30+D19*Declarations!$C$31+E19*Declarations!$C$32 -> 0 | D20: =B19*Declarations!$D$29+C19*Declarations!$D$30+D19*Declarations!$D$31+E19*Declarations!$D$32 -> 0.20634444 | E20: =B19*Declarations!$E$29+C19*Declarations!$E$30+D19*Declarations!$E$31+E19*Declarations!$E$32 -> 0.059784564 | F20: =F19*Declarations!$B$29+G19*Declarations!$B$30+H19*Declarations!$B$31+I19*Declarations!$B$32 -> 0 | G20: =F19*Declarations!$C$29+G19*Declarations!$C$30+H19*Declarations!$C$31+I19*Declarations!$C$32 -> 0.28242954 | H20: =F19*Declarations!$D$29+G19*Declarations!$D$30+H19*Declarations!$D$31+I19*Declarations!$D$32 -> 0 | I20: =F19*Declarations!$E$29+G19*Declarations!$E$30+H19*Declarations!$E$31+I19*Declarations!$E$32 -> 0 | K20: =K19*Declarations!$B$29+L19*Declarations!$B$30+M19*Declarations!$B$31+N19*Declarations!$B$32 -> 0.54036009 | L20: =K19*Declarations!$C$29+L19*Declarations!$C$30+M19*Declarations!$C$31+N19*Declarations!$C$32 -> 0 | M20: =K19*Declarations!$D$29+L19*Declarations!$D$30+M19*Declarations!$D$31+N19*Declarations!$D$32 -> 0.20634444 | N20: =K19*Declarations!$E$29+L19*Declarations!$E$30+M19*Tech_to_cap_case2+N19*Declarations!$E$32 -> 0 | O20: =O19*Declarations!$B$29+P19*Declarations!$B$30+Q19*Declarations!$B$31+R19*Declarations!$B$32 -> 0 | P20: =O19*Declarations!$C$29+P19*Declarations!$C$30+Q19*Declarations!$C$31+R19*Declarations!$C$32 -> 0.28242954 | Q20: =O19*Declarations!$D$29+P19*Declarations!$D$30+Q19*Declarations!$D$31+R19*Declarations!$D$32 -> 0 | R20: =O19*Declarations!$E$29+P19*Declarations!$E$30+Q19*Tech_to_cap_case2+R19*Declarations!$E$32 -> 0
A21: 13 | B21: =B20*Declarations!$B$29+C20*Declarations!$B$30+D20*Declarations!$B$31+E20*Declarations!$B$32 -> 0.51334208 | C21: =B20*Declarations!$C$29+C20*Declarations!$C$30+D20*Declarations!$C$31+E20*Declarations!$C$32 -> 0 | D21: =B20*Declarations!$D$29+C20*Declarations!$D$30+D20*Declarations!$D$31+E20*Declarations!$D$32 -> 0.2073244 | E21: =B20*Declarations!$E$29+C20*Declarations!$E$30+D20*Declarations!$E$31+E20*Declarations!$E$32 -> 0.065319021 | F21: =F20*Declarations!$B$29+G20*Declarations!$B$30+H20*Declarations!$B$31+I20*Declarations!$B$32 -> 0 | G21: =F20*Declarations!$C$29+G20*Declarations!$C$30+H20*Declarations!$C$31+I20*Declarations!$C$32 -> 0.25418658 | H21: =F20*Declarations!$D$29+G20*Declarations!$D$30+H20*Declarations!$D$31+I20*Declarations!$D$32 -> 0 | I21: =F20*Declarations!$E$29+G20*Declarations!$E$30+H20*Declarations!$E$31+I20*Declarations!$E$32 -> 0 | K21: =K20*Declarations!$B$29+L20*Declarations!$B$30+M20*Declarations!$B$31+N20*Declarations!$B$32 -> 0.51334208 | L21: =K20*Declarations!$C$29+L20*Declarations!$C$30+M20*Declarations!$C$31+N20*Declarations!$C$32 -> 0 | M21: =K20*Declarations!$D$29+L20*Declarations!$D$30+M20*Declarations!$D$31+N20*Declarations!$D$32 -> 0.2073244 | N21: =K20*Declarations!$E$29+L20*Declarations!$E$30+M20*Tech_to_cap_case2+N20*Declarations!$E$32 -> 0 | O21: =O20*Declarations!$B$29+P20*Declarations!$B$30+Q20*Declarations!$B$31+R20*Declarations!$B$32 -> 0 | P21: =O20*Declarations!$C$29+P20*Declarations!$C$30+Q20*Declarations!$C$31+R20*Declarations!$C$32 -> 0.25418658 | Q21: =O20*Declarations!$D$29+P20*Declarations!$D$30+Q20*Declarations!$D$31+R20*Declarations!$D$32 -> 0 | R21: =O20*Declarations!$E$29+P20*Declarations!$E$30+Q20*Tech_to_cap_case2+R20*Declarations!$E$32 -> 0 | W21: Technology in reported liquidity (case 1) | X21: Value | Y21: Reading
A22: 14 | B22: =B21*Declarations!$B$29+C21*Declarations!$B$30+D21*Declarations!$B$31+E21*Declarations!$B$32 -> 0.48767498 | C22: =B21*Declarations!$C$29+C21*Declarations!$C$30+D21*Declarations!$C$31+E21*Declarations!$C$32 -> 0 | D22: =B21*Declarations!$D$29+C21*Declarations!$D$30+D21*Declarations!$D$31+E21*Declarations!$D$32 -> 0.20712564 | E22: =B21*Declarations!$E$29+C21*Declarations!$E$30+D21*Declarations!$E$31+E21*Declarations!$E$32 -> 0.07045972 | F22: =F21*Declarations!$B$29+G21*Declarations!$B$30+H21*Declarations!$B$31+I21*Declarations!$B$32 -> 0 | G22: =F21*Declarations!$C$29+G21*Declarations!$C$30+H21*Declarations!$C$31+I21*Declarations!$C$32 -> 0.22876792 | H22: =F21*Declarations!$D$29+G21*Declarations!$D$30+H21*Declarations!$D$31+I21*Declarations!$D$32 -> 0 | I22: =F21*Declarations!$E$29+G21*Declarations!$E$30+H21*Declarations!$E$31+I21*Declarations!$E$32 -> 0 | K22: =K21*Declarations!$B$29+L21*Declarations!$B$30+M21*Declarations!$B$31+N21*Declarations!$B$32 -> 0.48767498 | L22: =K21*Declarations!$C$29+L21*Declarations!$C$30+M21*Declarations!$C$31+N21*Declarations!$C$32 -> 0 | M22: =K21*Declarations!$D$29+L21*Declarations!$D$30+M21*Declarations!$D$31+N21*Declarations!$D$32 -> 0.20712564 | N22: =K21*Declarations!$E$29+L21*Declarations!$E$30+M21*Tech_to_cap_case2+N21*Declarations!$E$32 -> 0 | O22: =O21*Declarations!$B$29+P21*Declarations!$B$30+Q21*Declarations!$B$31+R21*Declarations!$B$32 -> 0 | P22: =O21*Declarations!$C$29+P21*Declarations!$C$30+Q21*Declarations!$C$31+R21*Declarations!$C$32 -> 0.22876792 | Q22: =O21*Declarations!$D$29+P21*Declarations!$D$30+Q21*Declarations!$D$31+R21*Declarations!$D$32 -> 0 | R22: =O21*Declarations!$E$29+P21*Declarations!$E$30+Q21*Tech_to_cap_case2+R21*Declarations!$E$32 -> 0 | W22: Technology's weight in liquidity after 2 quarters | X22: =E10 -> 0.002 | Y22: weight 0.002 after two quarters
A23: 15 | B23: =B22*Declarations!$B$29+C22*Declarations!$B$30+D22*Declarations!$B$31+E22*Declarations!$B$32 -> 0.46329123 | C23: =B22*Declarations!$C$29+C22*Declarations!$C$30+D22*Declarations!$C$31+E22*Declarations!$C$32 -> 0 | D23: =B22*Declarations!$D$29+C22*Declarations!$D$30+D22*Declarations!$D$31+E22*Declarations!$D$32 -> 0.20592008 | E23: =B22*Declarations!$E$29+C22*Declarations!$E$30+D22*Declarations!$E$31+E22*Declarations!$E$32 -> 0.075179224 | F23: =F22*Declarations!$B$29+G22*Declarations!$B$30+H22*Declarations!$B$31+I22*Declarations!$B$32 -> 0 | G23: =F22*Declarations!$C$29+G22*Declarations!$C$30+H22*Declarations!$C$31+I22*Declarations!$C$32 -> 0.20589113 | H23: =F22*Declarations!$D$29+G22*Declarations!$D$30+H22*Declarations!$D$31+I22*Declarations!$D$32 -> 0 | I23: =F22*Declarations!$E$29+G22*Declarations!$E$30+H22*Declarations!$E$31+I22*Declarations!$E$32 -> 0 | K23: =K22*Declarations!$B$29+L22*Declarations!$B$30+M22*Declarations!$B$31+N22*Declarations!$B$32 -> 0.46329123 | L23: =K22*Declarations!$C$29+L22*Declarations!$C$30+M22*Declarations!$C$31+N22*Declarations!$C$32 -> 0 | M23: =K22*Declarations!$D$29+L22*Declarations!$D$30+M22*Declarations!$D$31+N22*Declarations!$D$32 -> 0.20592008 | N23: =K22*Declarations!$E$29+L22*Declarations!$E$30+M22*Tech_to_cap_case2+N22*Declarations!$E$32 -> 0 | O23: =O22*Declarations!$B$29+P22*Declarations!$B$30+Q22*Declarations!$B$31+R22*Declarations!$B$32 -> 0 | P23: =O22*Declarations!$C$29+P22*Declarations!$C$30+Q22*Declarations!$C$31+R22*Declarations!$C$32 -> 0.20589113 | Q23: =O22*Declarations!$D$29+P22*Declarations!$D$30+Q22*Declarations!$D$31+R22*Declarations!$D$32 -> 0 | R23: =O22*Declarations!$E$29+P22*Declarations!$E$30+Q22*Tech_to_cap_case2+R22*Declarations!$E$32 -> 0 | W23: A 10-point technology deviation: liquidity after 4 quarters | X23: =10*E12 -> 0.102318 | Y23: 0.10
A24: 16 | B24: =B23*Declarations!$B$29+C23*Declarations!$B$30+D23*Declarations!$B$31+E23*Declarations!$B$32 -> 0.44012667 | C24: =B23*Declarations!$C$29+C23*Declarations!$C$30+D23*Declarations!$C$31+E23*Declarations!$C$32 -> 0 | D24: =B23*Declarations!$D$29+C23*Declarations!$D$30+D23*Declarations!$D$31+E23*Declarations!$D$32 -> 0.20385972 | E24: =B23*Declarations!$E$29+C23*Declarations!$E$30+D23*Declarations!$E$31+E23*Declarations!$E$32 -> 0.07946089 | F24: =F23*Declarations!$B$29+G23*Declarations!$B$30+H23*Declarations!$B$31+I23*Declarations!$B$32 -> 0 | G24: =F23*Declarations!$C$29+G23*Declarations!$C$30+H23*Declarations!$C$31+I23*Declarations!$C$32 -> 0.18530202 | H24: =F23*Declarations!$D$29+G23*Declarations!$D$30+H23*Declarations!$D$31+I23*Declarations!$D$32 -> 0 | I24: =F23*Declarations!$E$29+G23*Declarations!$E$30+H23*Declarations!$E$31+I23*Declarations!$E$32 -> 0 | K24: =K23*Declarations!$B$29+L23*Declarations!$B$30+M23*Declarations!$B$31+N23*Declarations!$B$32 -> 0.44012667 | L24: =K23*Declarations!$C$29+L23*Declarations!$C$30+M23*Declarations!$C$31+N23*Declarations!$C$32 -> 0 | M24: =K23*Declarations!$D$29+L23*Declarations!$D$30+M23*Declarations!$D$31+N23*Declarations!$D$32 -> 0.20385972 | N24: =K23*Declarations!$E$29+L23*Declarations!$E$30+M23*Tech_to_cap_case2+N23*Declarations!$E$32 -> 0 | O24: =O23*Declarations!$B$29+P23*Declarations!$B$30+Q23*Declarations!$B$31+R23*Declarations!$B$32 -> 0 | P24: =O23*Declarations!$C$29+P23*Declarations!$C$30+Q23*Declarations!$C$31+R23*Declarations!$C$32 -> 0.18530202 | Q24: =O23*Declarations!$D$29+P23*Declarations!$D$30+Q23*Declarations!$D$31+R23*Declarations!$D$32 -> 0 | R24: =O23*Declarations!$E$29+P23*Declarations!$E$30+Q23*Tech_to_cap_case2+R23*Declarations!$E$32 -> 0 | W24: A 10-point technology deviation: liquidity after 12 quarters | X24: =10*E20 -> 0.59784564 | Y24: 0.6
A25: 17 | B25: =B24*Declarations!$B$29+C24*Declarations!$B$30+D24*Declarations!$B$31+E24*Declarations!$B$32 -> 0.41812034 | C25: =B24*Declarations!$C$29+C24*Declarations!$C$30+D24*Declarations!$C$31+E24*Declarations!$C$32 -> 0 | D25: =B24*Declarations!$D$29+C24*Declarations!$D$30+D24*Declarations!$D$31+E24*Declarations!$D$32 -> 0.20107881 | E25: =B24*Declarations!$E$29+C24*Declarations!$E$30+D24*Declarations!$E$31+E24*Declarations!$E$32 -> 0.083297005 | F25: =F24*Declarations!$B$29+G24*Declarations!$B$30+H24*Declarations!$B$31+I24*Declarations!$B$32 -> 0 | G25: =F24*Declarations!$C$29+G24*Declarations!$C$30+H24*Declarations!$C$31+I24*Declarations!$C$32 -> 0.16677182 | H25: =F24*Declarations!$D$29+G24*Declarations!$D$30+H24*Declarations!$D$31+I24*Declarations!$D$32 -> 0 | I25: =F24*Declarations!$E$29+G24*Declarations!$E$30+H24*Declarations!$E$31+I24*Declarations!$E$32 -> 0 | K25: =K24*Declarations!$B$29+L24*Declarations!$B$30+M24*Declarations!$B$31+N24*Declarations!$B$32 -> 0.41812034 | L25: =K24*Declarations!$C$29+L24*Declarations!$C$30+M24*Declarations!$C$31+N24*Declarations!$C$32 -> 0 | M25: =K24*Declarations!$D$29+L24*Declarations!$D$30+M24*Declarations!$D$31+N24*Declarations!$D$32 -> 0.20107881 | N25: =K24*Declarations!$E$29+L24*Declarations!$E$30+M24*Tech_to_cap_case2+N24*Declarations!$E$32 -> 0 | O25: =O24*Declarations!$B$29+P24*Declarations!$B$30+Q24*Declarations!$B$31+R24*Declarations!$B$32 -> 0 | P25: =O24*Declarations!$C$29+P24*Declarations!$C$30+Q24*Declarations!$C$31+R24*Declarations!$C$32 -> 0.16677182 | Q25: =O24*Declarations!$D$29+P24*Declarations!$D$30+Q24*Declarations!$D$31+R24*Declarations!$D$32 -> 0 | R25: =O24*Declarations!$E$29+P24*Declarations!$E$30+Q24*Tech_to_cap_case2+R24*Declarations!$E$32 -> 0
A26: 18 | B26: =B25*Declarations!$B$29+C25*Declarations!$B$30+D25*Declarations!$B$31+E25*Declarations!$B$32 -> 0.39721432 | C26: =B25*Declarations!$C$29+C25*Declarations!$C$30+D25*Declarations!$C$31+E25*Declarations!$C$32 -> 0 | D26: =B25*Declarations!$D$29+C25*Declarations!$D$30+D25*Declarations!$D$31+E25*Declarations!$D$32 -> 0.19769575 | E26: =B25*Declarations!$E$29+C25*Declarations!$E$30+D25*Declarations!$E$31+E25*Declarations!$E$32 -> 0.086687185 | F26: =F25*Declarations!$B$29+G25*Declarations!$B$30+H25*Declarations!$B$31+I25*Declarations!$B$32 -> 0 | G26: =F25*Declarations!$C$29+G25*Declarations!$C$30+H25*Declarations!$C$31+I25*Declarations!$C$32 -> 0.15009464 | H26: =F25*Declarations!$D$29+G25*Declarations!$D$30+H25*Declarations!$D$31+I25*Declarations!$D$32 -> 0 | I26: =F25*Declarations!$E$29+G25*Declarations!$E$30+H25*Declarations!$E$31+I25*Declarations!$E$32 -> 0 | K26: =K25*Declarations!$B$29+L25*Declarations!$B$30+M25*Declarations!$B$31+N25*Declarations!$B$32 -> 0.39721432 | L26: =K25*Declarations!$C$29+L25*Declarations!$C$30+M25*Declarations!$C$31+N25*Declarations!$C$32 -> 0 | M26: =K25*Declarations!$D$29+L25*Declarations!$D$30+M25*Declarations!$D$31+N25*Declarations!$D$32 -> 0.19769575 | N26: =K25*Declarations!$E$29+L25*Declarations!$E$30+M25*Tech_to_cap_case2+N25*Declarations!$E$32 -> 0 | O26: =O25*Declarations!$B$29+P25*Declarations!$B$30+Q25*Declarations!$B$31+R25*Declarations!$B$32 -> 0 | P26: =O25*Declarations!$C$29+P25*Declarations!$C$30+Q25*Declarations!$C$31+R25*Declarations!$C$32 -> 0.15009464 | Q26: =O25*Declarations!$D$29+P25*Declarations!$D$30+Q25*Declarations!$D$31+R25*Declarations!$D$32 -> 0 | R26: =O25*Declarations!$E$29+P25*Declarations!$E$30+Q25*Tech_to_cap_case2+R25*Declarations!$E$32 -> 0 | W26: Quarters of certificates N | X26: Gram matrix (liquidity, capability, technology) | AA26: det | AB26: Uncertainty on technology, one s.e.
A27: 19 | B27: =B26*Declarations!$B$29+C26*Declarations!$B$30+D26*Declarations!$B$31+E26*Declarations!$B$32 -> 0.3773536 | C27: =B26*Declarations!$C$29+C26*Declarations!$C$30+D26*Declarations!$C$31+E26*Declarations!$C$32 -> 0 | D27: =B26*Declarations!$D$29+C26*Declarations!$D$30+D26*Declarations!$D$31+E26*Declarations!$D$32 -> 0.19381474 | E27: =B26*Declarations!$E$29+C26*Declarations!$E$30+D26*Declarations!$E$31+E26*Declarations!$E$32 -> 0.089636998 | F27: =F26*Declarations!$B$29+G26*Declarations!$B$30+H26*Declarations!$B$31+I26*Declarations!$B$32 -> 0 | G27: =F26*Declarations!$C$29+G26*Declarations!$C$30+H26*Declarations!$C$31+I26*Declarations!$C$32 -> 0.13508517 | H27: =F26*Declarations!$D$29+G26*Declarations!$D$30+H26*Declarations!$D$31+I26*Declarations!$D$32 -> 0 | I27: =F26*Declarations!$E$29+G26*Declarations!$E$30+H26*Declarations!$E$31+I26*Declarations!$E$32 -> 0 | K27: =K26*Declarations!$B$29+L26*Declarations!$B$30+M26*Declarations!$B$31+N26*Declarations!$B$32 -> 0.3773536 | L27: =K26*Declarations!$C$29+L26*Declarations!$C$30+M26*Declarations!$C$31+N26*Declarations!$C$32 -> 0 | M27: =K26*Declarations!$D$29+L26*Declarations!$D$30+M26*Declarations!$D$31+N26*Declarations!$D$32 -> 0.19381474 | N27: =K26*Declarations!$E$29+L26*Declarations!$E$30+M26*Tech_to_cap_case2+N26*Declarations!$E$32 -> 0 | O27: =O26*Declarations!$B$29+P26*Declarations!$B$30+Q26*Declarations!$B$31+R26*Declarations!$B$32 -> 0 | P27: =O26*Declarations!$C$29+P26*Declarations!$C$30+Q26*Declarations!$C$31+R26*Declarations!$C$32 -> 0.13508517 | Q27: =O26*Declarations!$D$29+P26*Declarations!$D$30+Q26*Declarations!$D$31+R26*Declarations!$D$32 -> 0 | R27: =O26*Declarations!$E$29+P26*Declarations!$E$30+Q26*Tech_to_cap_case2+R26*Declarations!$E$32 -> 0 | W27: 4 | X27: =SUMPRODUCT(($A$8:$A$48<$W$27)*$B$8:$B$48*$B$8:$B$48) -> 3.4520981 | Y27: =SUMPRODUCT(($A$8:$A$48<$W$27)*$B$8:$B$48*$D$8:$D$48) -> 0.19283741 | Z27: =SUMPRODUCT(($A$8:$A$48<$W$27)*$B$8:$B$48*$E$8:$E$48) -> 0.0065548575 | AA27: =MDETERM(X27:Z29) -> 1.0131129e-07 | AB27: =Report_err*SQRT((X27*Y28-Y27*X28)/AA27) -> 483.16602
A28: 20 | B28: =B27*Declarations!$B$29+C27*Declarations!$B$30+D27*Declarations!$B$31+E27*Declarations!$B$32 -> 0.35848592 | C28: =B27*Declarations!$C$29+C27*Declarations!$C$30+D27*Declarations!$C$31+E27*Declarations!$C$32 -> 0 | D28: =B27*Declarations!$D$29+C27*Declarations!$D$30+D27*Declarations!$D$31+E27*Declarations!$D$32 -> 0.18952741 | E28: =B27*Declarations!$E$29+C27*Declarations!$E$30+D27*Declarations!$E$31+E27*Declarations!$E$32 -> 0.092156775 | F28: =F27*Declarations!$B$29+G27*Declarations!$B$30+H27*Declarations!$B$31+I27*Declarations!$B$32 -> 0 | G28: =F27*Declarations!$C$29+G27*Declarations!$C$30+H27*Declarations!$C$31+I27*Declarations!$C$32 -> 0.12157665 | H28: =F27*Declarations!$D$29+G27*Declarations!$D$30+H27*Declarations!$D$31+I27*Declarations!$D$32 -> 0 | I28: =F27*Declarations!$E$29+G27*Declarations!$E$30+H27*Declarations!$E$31+I27*Declarations!$E$32 -> 0 | K28: =K27*Declarations!$B$29+L27*Declarations!$B$30+M27*Declarations!$B$31+N27*Declarations!$B$32 -> 0.35848592 | L28: =K27*Declarations!$C$29+L27*Declarations!$C$30+M27*Declarations!$C$31+N27*Declarations!$C$32 -> 0 | M28: =K27*Declarations!$D$29+L27*Declarations!$D$30+M27*Declarations!$D$31+N27*Declarations!$D$32 -> 0.18952741 | N28: =K27*Declarations!$E$29+L27*Declarations!$E$30+M27*Tech_to_cap_case2+N27*Declarations!$E$32 -> 0 | O28: =O27*Declarations!$B$29+P27*Declarations!$B$30+Q27*Declarations!$B$31+R27*Declarations!$B$32 -> 0 | P28: =O27*Declarations!$C$29+P27*Declarations!$C$30+Q27*Declarations!$C$31+R27*Declarations!$C$32 -> 0.12157665 | Q28: =O27*Declarations!$D$29+P27*Declarations!$D$30+Q27*Declarations!$D$31+R27*Declarations!$D$32 -> 0 | R28: =O27*Declarations!$E$29+P27*Declarations!$E$30+Q27*Tech_to_cap_case2+R27*Declarations!$E$32 -> 0 | X28: =SUMPRODUCT(($A$8:$A$48<$W$27)*$D$8:$D$48*$B$8:$B$48) -> 0.19283741 | Y28: =SUMPRODUCT(($A$8:$A$48<$W$27)*$D$8:$D$48*$D$8:$D$48) -> 0.01762329 | Z28: =SUMPRODUCT(($A$8:$A$48<$W$27)*$D$8:$D$48*$E$8:$E$48) -> 0.000716958
A29: 21 | B29: =B28*Declarations!$B$29+C28*Declarations!$B$30+D28*Declarations!$B$31+E28*Declarations!$B$32 -> 0.34056163 | C29: =B28*Declarations!$C$29+C28*Declarations!$C$30+D28*Declarations!$C$31+E28*Declarations!$C$32 -> 0 | D29: =B28*Declarations!$D$29+C28*Declarations!$D$30+D28*Declarations!$D$31+E28*Declarations!$D$32 -> 0.18491411 | E29: =B28*Declarations!$E$29+C28*Declarations!$E$30+D28*Declarations!$E$31+E28*Declarations!$E$32 -> 0.094260604 | F29: =F28*Declarations!$B$29+G28*Declarations!$B$30+H28*Declarations!$B$31+I28*Declarations!$B$32 -> 0 | G29: =F28*Declarations!$C$29+G28*Declarations!$C$30+H28*Declarations!$C$31+I28*Declarations!$C$32 -> 0.10941899 | H29: =F28*Declarations!$D$29+G28*Declarations!$D$30+H28*Declarations!$D$31+I28*Declarations!$D$32 -> 0 | I29: =F28*Declarations!$E$29+G28*Declarations!$E$30+H28*Declarations!$E$31+I28*Declarations!$E$32 -> 0 | K29: =K28*Declarations!$B$29+L28*Declarations!$B$30+M28*Declarations!$B$31+N28*Declarations!$B$32 -> 0.34056163 | L29: =K28*Declarations!$C$29+L28*Declarations!$C$30+M28*Declarations!$C$31+N28*Declarations!$C$32 -> 0 | M29: =K28*Declarations!$D$29+L28*Declarations!$D$30+M28*Declarations!$D$31+N28*Declarations!$D$32 -> 0.18491411 | N29: =K28*Declarations!$E$29+L28*Declarations!$E$30+M28*Tech_to_cap_case2+N28*Declarations!$E$32 -> 0 | O29: =O28*Declarations!$B$29+P28*Declarations!$B$30+Q28*Declarations!$B$31+R28*Declarations!$B$32 -> 0 | P29: =O28*Declarations!$C$29+P28*Declarations!$C$30+Q28*Declarations!$C$31+R28*Declarations!$C$32 -> 0.10941899 | Q29: =O28*Declarations!$D$29+P28*Declarations!$D$30+Q28*Declarations!$D$31+R28*Declarations!$D$32 -> 0 | R29: =O28*Declarations!$E$29+P28*Declarations!$E$30+Q28*Tech_to_cap_case2+R28*Declarations!$E$32 -> 0 | X29: =SUMPRODUCT(($A$8:$A$48<$W$27)*$E$8:$E$48*$B$8:$B$48) -> 0.0065548575 | Y29: =SUMPRODUCT(($A$8:$A$48<$W$27)*$E$8:$E$48*$D$8:$D$48) -> 0.000716958 | Z29: =SUMPRODUCT(($A$8:$A$48<$W$27)*$E$8:$E$48*$E$8:$E$48) -> 3.46916e-05
A30: 22 | B30: =B29*Declarations!$B$29+C29*Declarations!$B$30+D29*Declarations!$B$31+E29*Declarations!$B$32 -> 0.32353354 | C30: =B29*Declarations!$C$29+C29*Declarations!$C$30+D29*Declarations!$C$31+E29*Declarations!$C$32 -> 0 | D30: =B29*Declarations!$D$29+C29*Declarations!$D$30+D29*Declarations!$D$31+E29*Declarations!$D$32 -> 0.18004516 | E30: =B29*Declarations!$E$29+C29*Declarations!$E$30+D29*Declarations!$E$31+E29*Declarations!$E$32 -> 0.095965461 | F30: =F29*Declarations!$B$29+G29*Declarations!$B$30+H29*Declarations!$B$31+I29*Declarations!$B$32 -> 0 | G30: =F29*Declarations!$C$29+G29*Declarations!$C$30+H29*Declarations!$C$31+I29*Declarations!$C$32 -> 0.09847709 | H30: =F29*Declarations!$D$29+G29*Declarations!$D$30+H29*Declarations!$D$31+I29*Declarations!$D$32 -> 0 | I30: =F29*Declarations!$E$29+G29*Declarations!$E$30+H29*Declarations!$E$31+I29*Declarations!$E$32 -> 0 | K30: =K29*Declarations!$B$29+L29*Declarations!$B$30+M29*Declarations!$B$31+N29*Declarations!$B$32 -> 0.32353354 | L30: =K29*Declarations!$C$29+L29*Declarations!$C$30+M29*Declarations!$C$31+N29*Declarations!$C$32 -> 0 | M30: =K29*Declarations!$D$29+L29*Declarations!$D$30+M29*Declarations!$D$31+N29*Declarations!$D$32 -> 0.18004516 | N30: =K29*Declarations!$E$29+L29*Declarations!$E$30+M29*Tech_to_cap_case2+N29*Declarations!$E$32 -> 0 | O30: =O29*Declarations!$B$29+P29*Declarations!$B$30+Q29*Declarations!$B$31+R29*Declarations!$B$32 -> 0 | P30: =O29*Declarations!$C$29+P29*Declarations!$C$30+Q29*Declarations!$C$31+R29*Declarations!$C$32 -> 0.09847709 | Q30: =O29*Declarations!$D$29+P29*Declarations!$D$30+Q29*Declarations!$D$31+R29*Declarations!$D$32 -> 0 | R30: =O29*Declarations!$E$29+P29*Declarations!$E$30+Q29*Tech_to_cap_case2+R29*Declarations!$E$32 -> 0
A31: 23 | B31: =B30*Declarations!$B$29+C30*Declarations!$B$30+D30*Declarations!$B$31+E30*Declarations!$B$32 -> 0.30735687 | C31: =B30*Declarations!$C$29+C30*Declarations!$C$30+D30*Declarations!$C$31+E30*Declarations!$C$32 -> 0 | D31: =B30*Declarations!$D$29+C30*Declarations!$D$30+D30*Declarations!$D$31+E30*Declarations!$D$32 -> 0.17498199 | E31: =B30*Declarations!$E$29+C30*Declarations!$E$30+D30*Declarations!$E$31+E30*Declarations!$E$32 -> 0.097290482 | F31: =F30*Declarations!$B$29+G30*Declarations!$B$30+H30*Declarations!$B$31+I30*Declarations!$B$32 -> 0 | G31: =F30*Declarations!$C$29+G30*Declarations!$C$30+H30*Declarations!$C$31+I30*Declarations!$C$32 -> 0.088629381 | H31: =F30*Declarations!$D$29+G30*Declarations!$D$30+H30*Declarations!$D$31+I30*Declarations!$D$32 -> 0 | I31: =F30*Declarations!$E$29+G30*Declarations!$E$30+H30*Declarations!$E$31+I30*Declarations!$E$32 -> 0 | K31: =K30*Declarations!$B$29+L30*Declarations!$B$30+M30*Declarations!$B$31+N30*Declarations!$B$32 -> 0.30735687 | L31: =K30*Declarations!$C$29+L30*Declarations!$C$30+M30*Declarations!$C$31+N30*Declarations!$C$32 -> 0 | M31: =K30*Declarations!$D$29+L30*Declarations!$D$30+M30*Declarations!$D$31+N30*Declarations!$D$32 -> 0.17498199 | N31: =K30*Declarations!$E$29+L30*Declarations!$E$30+M30*Tech_to_cap_case2+N30*Declarations!$E$32 -> 0 | O31: =O30*Declarations!$B$29+P30*Declarations!$B$30+Q30*Declarations!$B$31+R30*Declarations!$B$32 -> 0 | P31: =O30*Declarations!$C$29+P30*Declarations!$C$30+Q30*Declarations!$C$31+R30*Declarations!$C$32 -> 0.088629381 | Q31: =O30*Declarations!$D$29+P30*Declarations!$D$30+Q30*Declarations!$D$31+R30*Declarations!$D$32 -> 0 | R31: =O30*Declarations!$E$29+P30*Declarations!$E$30+Q30*Tech_to_cap_case2+R30*Declarations!$E$32 -> 0 | W31: 12 | X31: =SUMPRODUCT(($A$8:$A$48<$W$31)*$B$8:$B$48*$B$8:$B$48) -> 7.261651 | Y31: =SUMPRODUCT(($A$8:$A$48<$W$31)*$B$8:$B$48*$D$8:$D$48) -> 1.1340858 | Z31: =SUMPRODUCT(($A$8:$A$48<$W$31)*$B$8:$B$48*$E$8:$E$48) -> 0.17114192 | AA31: =MDETERM(X31:Z33) -> 0.00047612542 | AB31: =Report_err*SQRT((X31*Y32-Y31*X32)/AA31) -> 36.987193
A32: 24 | B32: =B31*Declarations!$B$29+C31*Declarations!$B$30+D31*Declarations!$B$31+E31*Declarations!$B$32 -> 0.29198902 | C32: =B31*Declarations!$C$29+C31*Declarations!$C$30+D31*Declarations!$C$31+E31*Declarations!$C$32 -> 0 | D32: =B31*Declarations!$D$29+C31*Declarations!$D$30+D31*Declarations!$D$31+E31*Declarations!$D$32 -> 0.16977807 | E32: =B31*Declarations!$E$29+C31*Declarations!$E$30+D31*Declarations!$E$31+E31*Declarations!$E$32 -> 0.098256343 | F32: =F31*Declarations!$B$29+G31*Declarations!$B$30+H31*Declarations!$B$31+I31*Declarations!$B$32 -> 0 | G32: =F31*Declarations!$C$29+G31*Declarations!$C$30+H31*Declarations!$C$31+I31*Declarations!$C$32 -> 0.079766443 | H32: =F31*Declarations!$D$29+G31*Declarations!$D$30+H31*Declarations!$D$31+I31*Declarations!$D$32 -> 0 | I32: =F31*Declarations!$E$29+G31*Declarations!$E$30+H31*Declarations!$E$31+I31*Declarations!$E$32 -> 0 | K32: =K31*Declarations!$B$29+L31*Declarations!$B$30+M31*Declarations!$B$31+N31*Declarations!$B$32 -> 0.29198902 | L32: =K31*Declarations!$C$29+L31*Declarations!$C$30+M31*Declarations!$C$31+N31*Declarations!$C$32 -> 0 | M32: =K31*Declarations!$D$29+L31*Declarations!$D$30+M31*Declarations!$D$31+N31*Declarations!$D$32 -> 0.16977807 | N32: =K31*Declarations!$E$29+L31*Declarations!$E$30+M31*Tech_to_cap_case2+N31*Declarations!$E$32 -> 0 | O32: =O31*Declarations!$B$29+P31*Declarations!$B$30+Q31*Declarations!$B$31+R31*Declarations!$B$32 -> 0 | P32: =O31*Declarations!$C$29+P31*Declarations!$C$30+Q31*Declarations!$C$31+R31*Declarations!$C$32 -> 0.079766443 | Q32: =O31*Declarations!$D$29+P31*Declarations!$D$30+Q31*Declarations!$D$31+R31*Declarations!$D$32 -> 0 | R32: =O31*Declarations!$E$29+P31*Declarations!$E$30+Q31*Tech_to_cap_case2+R31*Declarations!$E$32 -> 0 | X32: =SUMPRODUCT(($A$8:$A$48<$W$31)*$D$8:$D$48*$B$8:$B$48) -> 1.1340858 | Y32: =SUMPRODUCT(($A$8:$A$48<$W$31)*$D$8:$D$48*$D$8:$D$48) -> 0.26681468 | Z32: =SUMPRODUCT(($A$8:$A$48<$W$31)*$D$8:$D$48*$E$8:$E$48) -> 0.047887457
A33: 25 | B33: =B32*Declarations!$B$29+C32*Declarations!$B$30+D32*Declarations!$B$31+E32*Declarations!$B$32 -> 0.27738957 | C33: =B32*Declarations!$C$29+C32*Declarations!$C$30+D32*Declarations!$C$31+E32*Declarations!$C$32 -> 0 | D33: =B32*Declarations!$D$29+C32*Declarations!$D$30+D32*Declarations!$D$31+E32*Declarations!$D$32 -> 0.16447982 | E33: =B32*Declarations!$E$29+C32*Declarations!$E$30+D32*Declarations!$E$31+E32*Declarations!$E$32 -> 0.098884739 | F33: =F32*Declarations!$B$29+G32*Declarations!$B$30+H32*Declarations!$B$31+I32*Declarations!$B$32 -> 0 | G33: =F32*Declarations!$C$29+G32*Declarations!$C$30+H32*Declarations!$C$31+I32*Declarations!$C$32 -> 0.071789799 | H33: =F32*Declarations!$D$29+G32*Declarations!$D$30+H32*Declarations!$D$31+I32*Declarations!$D$32 -> 0 | I33: =F32*Declarations!$E$29+G32*Declarations!$E$30+H32*Declarations!$E$31+I32*Declarations!$E$32 -> 0 | K33: =K32*Declarations!$B$29+L32*Declarations!$B$30+M32*Declarations!$B$31+N32*Declarations!$B$32 -> 0.27738957 | L33: =K32*Declarations!$C$29+L32*Declarations!$C$30+M32*Declarations!$C$31+N32*Declarations!$C$32 -> 0 | M33: =K32*Declarations!$D$29+L32*Declarations!$D$30+M32*Declarations!$D$31+N32*Declarations!$D$32 -> 0.16447982 | N33: =K32*Declarations!$E$29+L32*Declarations!$E$30+M32*Tech_to_cap_case2+N32*Declarations!$E$32 -> 0 | O33: =O32*Declarations!$B$29+P32*Declarations!$B$30+Q32*Declarations!$B$31+R32*Declarations!$B$32 -> 0 | P33: =O32*Declarations!$C$29+P32*Declarations!$C$30+Q32*Declarations!$C$31+R32*Declarations!$C$32 -> 0.071789799 | Q33: =O32*Declarations!$D$29+P32*Declarations!$D$30+Q32*Declarations!$D$31+R32*Declarations!$D$32 -> 0 | R33: =O32*Declarations!$E$29+P32*Declarations!$E$30+Q32*Tech_to_cap_case2+R32*Declarations!$E$32 -> 0 | X33: =SUMPRODUCT(($A$8:$A$48<$W$31)*$E$8:$E$48*$B$8:$B$48) -> 0.17114192 | Y33: =SUMPRODUCT(($A$8:$A$48<$W$31)*$E$8:$E$48*$D$8:$D$48) -> 0.047887457 | Z33: =SUMPRODUCT(($A$8:$A$48<$W$31)*$E$8:$E$48*$E$8:$E$48) -> 0.0097557855
A34: 26 | B34: =B33*Declarations!$B$29+C33*Declarations!$B$30+D33*Declarations!$B$31+E33*Declarations!$B$32 -> 0.26352009 | C34: =B33*Declarations!$C$29+C33*Declarations!$C$30+D33*Declarations!$C$31+E33*Declarations!$C$32 -> 0 | D34: =B33*Declarations!$D$29+C33*Declarations!$D$30+D33*Declarations!$D$31+E33*Declarations!$D$32 -> 0.15912742 | E34: =B33*Declarations!$E$29+C33*Declarations!$E$30+D33*Declarations!$E$31+E33*Declarations!$E$32 -> 0.099197951 | F34: =F33*Declarations!$B$29+G33*Declarations!$B$30+H33*Declarations!$B$31+I33*Declarations!$B$32 -> 0 | G34: =F33*Declarations!$C$29+G33*Declarations!$C$30+H33*Declarations!$C$31+I33*Declarations!$C$32 -> 0.064610819 | H34: =F33*Declarations!$D$29+G33*Declarations!$D$30+H33*Declarations!$D$31+I33*Declarations!$D$32 -> 0 | I34: =F33*Declarations!$E$29+G33*Declarations!$E$30+H33*Declarations!$E$31+I33*Declarations!$E$32 -> 0 | K34: =K33*Declarations!$B$29+L33*Declarations!$B$30+M33*Declarations!$B$31+N33*Declarations!$B$32 -> 0.26352009 | L34: =K33*Declarations!$C$29+L33*Declarations!$C$30+M33*Declarations!$C$31+N33*Declarations!$C$32 -> 0 | M34: =K33*Declarations!$D$29+L33*Declarations!$D$30+M33*Declarations!$D$31+N33*Declarations!$D$32 -> 0.15912742 | N34: =K33*Declarations!$E$29+L33*Declarations!$E$30+M33*Tech_to_cap_case2+N33*Declarations!$E$32 -> 0 | O34: =O33*Declarations!$B$29+P33*Declarations!$B$30+Q33*Declarations!$B$31+R33*Declarations!$B$32 -> 0 | P34: =O33*Declarations!$C$29+P33*Declarations!$C$30+Q33*Declarations!$C$31+R33*Declarations!$C$32 -> 0.064610819 | Q34: =O33*Declarations!$D$29+P33*Declarations!$D$30+Q33*Declarations!$D$31+R33*Declarations!$D$32 -> 0 | R34: =O33*Declarations!$E$29+P33*Declarations!$E$30+Q33*Tech_to_cap_case2+R33*Declarations!$E$32 -> 0
A35: 27 | B35: =B34*Declarations!$B$29+C34*Declarations!$B$30+D34*Declarations!$B$31+E34*Declarations!$B$32 -> 0.25034409 | C35: =B34*Declarations!$C$29+C34*Declarations!$C$30+D34*Declarations!$C$31+E34*Declarations!$C$32 -> 0 | D35: =B34*Declarations!$D$29+C34*Declarations!$D$30+D34*Declarations!$D$31+E34*Declarations!$D$32 -> 0.15375548 | E35: =B34*Declarations!$E$29+C34*Declarations!$E$30+D34*Declarations!$E$31+E34*Declarations!$E$32 -> 0.099218486 | F35: =F34*Declarations!$B$29+G34*Declarations!$B$30+H34*Declarations!$B$31+I34*Declarations!$B$32 -> 0 | G35: =F34*Declarations!$C$29+G34*Declarations!$C$30+H34*Declarations!$C$31+I34*Declarations!$C$32 -> 0.058149737 | H35: =F34*Declarations!$D$29+G34*Declarations!$D$30+H34*Declarations!$D$31+I34*Declarations!$D$32 -> 0 | I35: =F34*Declarations!$E$29+G34*Declarations!$E$30+H34*Declarations!$E$31+I34*Declarations!$E$32 -> 0 | K35: =K34*Declarations!$B$29+L34*Declarations!$B$30+M34*Declarations!$B$31+N34*Declarations!$B$32 -> 0.25034409 | L35: =K34*Declarations!$C$29+L34*Declarations!$C$30+M34*Declarations!$C$31+N34*Declarations!$C$32 -> 0 | M35: =K34*Declarations!$D$29+L34*Declarations!$D$30+M34*Declarations!$D$31+N34*Declarations!$D$32 -> 0.15375548 | N35: =K34*Declarations!$E$29+L34*Declarations!$E$30+M34*Tech_to_cap_case2+N34*Declarations!$E$32 -> 0 | O35: =O34*Declarations!$B$29+P34*Declarations!$B$30+Q34*Declarations!$B$31+R34*Declarations!$B$32 -> 0 | P35: =O34*Declarations!$C$29+P34*Declarations!$C$30+Q34*Declarations!$C$31+R34*Declarations!$C$32 -> 0.058149737 | Q35: =O34*Declarations!$D$29+P34*Declarations!$D$30+Q34*Declarations!$D$31+R34*Declarations!$D$32 -> 0 | R35: =O34*Declarations!$E$29+P34*Declarations!$E$30+Q34*Tech_to_cap_case2+R34*Declarations!$E$32 -> 0 | W35: 20 | X35: =SUMPRODUCT(($A$8:$A$48<$W$35)*$B$8:$B$48*$B$8:$B$48) -> 8.9383369 | Y35: =SUMPRODUCT(($A$8:$A$48<$W$35)*$B$8:$B$48*$D$8:$D$48) -> 1.8738889 | Z35: =SUMPRODUCT(($A$8:$A$48<$W$35)*$B$8:$B$48*$E$8:$E$48) -> 0.4442287 | AA35: =MDETERM(X35:Z37) -> 0.0089217749 | AB35: =Report_err*SQRT((X35*Y36-Y35*X36)/AA35) -> 14.277373
A36: 28 | B36: =B35*Declarations!$B$29+C35*Declarations!$B$30+D35*Declarations!$B$31+E35*Declarations!$B$32 -> 0.23782689 | C36: =B35*Declarations!$C$29+C35*Declarations!$C$30+D35*Declarations!$C$31+E35*Declarations!$C$32 -> 0 | D36: =B35*Declarations!$D$29+C35*Declarations!$D$30+D35*Declarations!$D$31+E35*Declarations!$D$32 -> 0.1483937 | E36: =B35*Declarations!$E$29+C35*Declarations!$E$30+D35*Declarations!$E$31+E35*Declarations!$E$32 -> 0.098968781 | F36: =F35*Declarations!$B$29+G35*Declarations!$B$30+H35*Declarations!$B$31+I35*Declarations!$B$32 -> 0 | G36: =F35*Declarations!$C$29+G35*Declarations!$C$30+H35*Declarations!$C$31+I35*Declarations!$C$32 -> 0.052334763 | H36: =F35*Declarations!$D$29+G35*Declarations!$D$30+H35*Declarations!$D$31+I35*Declarations!$D$32 -> 0 | I36: =F35*Declarations!$E$29+G35*Declarations!$E$30+H35*Declarations!$E$31+I35*Declarations!$E$32 -> 0 | K36: =K35*Declarations!$B$29+L35*Declarations!$B$30+M35*Declarations!$B$31+N35*Declarations!$B$32 -> 0.23782689 | L36: =K35*Declarations!$C$29+L35*Declarations!$C$30+M35*Declarations!$C$31+N35*Declarations!$C$32 -> 0 | M36: =K35*Declarations!$D$29+L35*Declarations!$D$30+M35*Declarations!$D$31+N35*Declarations!$D$32 -> 0.1483937 | N36: =K35*Declarations!$E$29+L35*Declarations!$E$30+M35*Tech_to_cap_case2+N35*Declarations!$E$32 -> 0 | O36: =O35*Declarations!$B$29+P35*Declarations!$B$30+Q35*Declarations!$B$31+R35*Declarations!$B$32 -> 0 | P36: =O35*Declarations!$C$29+P35*Declarations!$C$30+Q35*Declarations!$C$31+R35*Declarations!$C$32 -> 0.052334763 | Q36: =O35*Declarations!$D$29+P35*Declarations!$D$30+Q35*Declarations!$D$31+R35*Declarations!$D$32 -> 0 | R36: =O35*Declarations!$E$29+P35*Declarations!$E$30+Q35*Tech_to_cap_case2+R35*Declarations!$E$32 -> 0 | X36: =SUMPRODUCT(($A$8:$A$48<$W$35)*$D$8:$D$48*$B$8:$B$48) -> 1.8738889 | Y36: =SUMPRODUCT(($A$8:$A$48<$W$35)*$D$8:$D$48*$D$8:$D$48) -> 0.59631947 | Z36: =SUMPRODUCT(($A$8:$A$48<$W$35)*$D$8:$D$48*$E$8:$E$48) -> 0.17129962
A37: 29 | B37: =B36*Declarations!$B$29+C36*Declarations!$B$30+D36*Declarations!$B$31+E36*Declarations!$B$32 -> 0.22593554 | C37: =B36*Declarations!$C$29+C36*Declarations!$C$30+D36*Declarations!$C$31+E36*Declarations!$C$32 -> 0 | D37: =B36*Declarations!$D$29+C36*Declarations!$D$30+D36*Declarations!$D$31+E36*Declarations!$D$32 -> 0.1430674 | E37: =B36*Declarations!$E$29+C36*Declarations!$E$30+D36*Declarations!$E$31+E36*Declarations!$E$32 -> 0.098470963 | F37: =F36*Declarations!$B$29+G36*Declarations!$B$30+H36*Declarations!$B$31+I36*Declarations!$B$32 -> 0 | G37: =F36*Declarations!$C$29+G36*Declarations!$C$30+H36*Declarations!$C$31+I36*Declarations!$C$32 -> 0.047101287 | H37: =F36*Declarations!$D$29+G36*Declarations!$D$30+H36*Declarations!$D$31+I36*Declarations!$D$32 -> 0 | I37: =F36*Declarations!$E$29+G36*Declarations!$E$30+H36*Declarations!$E$31+I36*Declarations!$E$32 -> 0 | K37: =K36*Declarations!$B$29+L36*Declarations!$B$30+M36*Declarations!$B$31+N36*Declarations!$B$32 -> 0.22593554 | L37: =K36*Declarations!$C$29+L36*Declarations!$C$30+M36*Declarations!$C$31+N36*Declarations!$C$32 -> 0 | M37: =K36*Declarations!$D$29+L36*Declarations!$D$30+M36*Declarations!$D$31+N36*Declarations!$D$32 -> 0.1430674 | N37: =K36*Declarations!$E$29+L36*Declarations!$E$30+M36*Tech_to_cap_case2+N36*Declarations!$E$32 -> 0 | O37: =O36*Declarations!$B$29+P36*Declarations!$B$30+Q36*Declarations!$B$31+R36*Declarations!$B$32 -> 0 | P37: =O36*Declarations!$C$29+P36*Declarations!$C$30+Q36*Declarations!$C$31+R36*Declarations!$C$32 -> 0.047101287 | Q37: =O36*Declarations!$D$29+P36*Declarations!$D$30+Q36*Declarations!$D$31+R36*Declarations!$D$32 -> 0 | R37: =O36*Declarations!$E$29+P36*Declarations!$E$30+Q36*Tech_to_cap_case2+R36*Declarations!$E$32 -> 0 | X37: =SUMPRODUCT(($A$8:$A$48<$W$35)*$E$8:$E$48*$B$8:$B$48) -> 0.4442287 | Y37: =SUMPRODUCT(($A$8:$A$48<$W$35)*$E$8:$E$48*$D$8:$D$48) -> 0.17129962 | Z37: =SUMPRODUCT(($A$8:$A$48<$W$35)*$E$8:$E$48*$E$8:$E$48) -> 0.057014926
A38: 30 | B38: =B37*Declarations!$B$29+C37*Declarations!$B$30+D37*Declarations!$B$31+E37*Declarations!$B$32 -> 0.21463876 | C38: =B37*Declarations!$C$29+C37*Declarations!$C$30+D37*Declarations!$C$31+E37*Declarations!$C$32 -> 0 | D38: =B37*Declarations!$D$29+C37*Declarations!$D$30+D37*Declarations!$D$31+E37*Declarations!$D$32 -> 0.13779808 | E38: =B37*Declarations!$E$29+C37*Declarations!$E$30+D37*Declarations!$E$31+E37*Declarations!$E$32 -> 0.097746657 | F38: =F37*Declarations!$B$29+G37*Declarations!$B$30+H37*Declarations!$B$31+I37*Declarations!$B$32 -> 0 | G38: =F37*Declarations!$C$29+G37*Declarations!$C$30+H37*Declarations!$C$31+I37*Declarations!$C$32 -> 0.042391158 | H38: =F37*Declarations!$D$29+G37*Declarations!$D$30+H37*Declarations!$D$31+I37*Declarations!$D$32 -> 0 | I38: =F37*Declarations!$E$29+G37*Declarations!$E$30+H37*Declarations!$E$31+I37*Declarations!$E$32 -> 0 | K38: =K37*Declarations!$B$29+L37*Declarations!$B$30+M37*Declarations!$B$31+N37*Declarations!$B$32 -> 0.21463876 | L38: =K37*Declarations!$C$29+L37*Declarations!$C$30+M37*Declarations!$C$31+N37*Declarations!$C$32 -> 0 | M38: =K37*Declarations!$D$29+L37*Declarations!$D$30+M37*Declarations!$D$31+N37*Declarations!$D$32 -> 0.13779808 | N38: =K37*Declarations!$E$29+L37*Declarations!$E$30+M37*Tech_to_cap_case2+N37*Declarations!$E$32 -> 0 | O38: =O37*Declarations!$B$29+P37*Declarations!$B$30+Q37*Declarations!$B$31+R37*Declarations!$B$32 -> 0 | P38: =O37*Declarations!$C$29+P37*Declarations!$C$30+Q37*Declarations!$C$31+R37*Declarations!$C$32 -> 0.042391158 | Q38: =O37*Declarations!$D$29+P37*Declarations!$D$30+Q37*Declarations!$D$31+R37*Declarations!$D$32 -> 0 | R38: =O37*Declarations!$E$29+P37*Declarations!$E$30+Q37*Tech_to_cap_case2+R37*Declarations!$E$32 -> 0
A39: 31 | B39: =B38*Declarations!$B$29+C38*Declarations!$B$30+D38*Declarations!$B$31+E38*Declarations!$B$32 -> 0.20390683 | C39: =B38*Declarations!$C$29+C38*Declarations!$C$30+D38*Declarations!$C$31+E38*Declarations!$C$32 -> 0 | D39: =B38*Declarations!$D$29+C38*Declarations!$D$30+D38*Declarations!$D$31+E38*Declarations!$D$32 -> 0.13260383 | E39: =B38*Declarations!$E$29+C38*Declarations!$E$30+D38*Declarations!$E$31+E38*Declarations!$E$32 -> 0.096816828 | F39: =F38*Declarations!$B$29+G38*Declarations!$B$30+H38*Declarations!$B$31+I38*Declarations!$B$32 -> 0 | G39: =F38*Declarations!$C$29+G38*Declarations!$C$30+H38*Declarations!$C$31+I38*Declarations!$C$32 -> 0.038152042 | H39: =F38*Declarations!$D$29+G38*Declarations!$D$30+H38*Declarations!$D$31+I38*Declarations!$D$32 -> 0 | I39: =F38*Declarations!$E$29+G38*Declarations!$E$30+H38*Declarations!$E$31+I38*Declarations!$E$32 -> 0 | K39: =K38*Declarations!$B$29+L38*Declarations!$B$30+M38*Declarations!$B$31+N38*Declarations!$B$32 -> 0.20390683 | L39: =K38*Declarations!$C$29+L38*Declarations!$C$30+M38*Declarations!$C$31+N38*Declarations!$C$32 -> 0 | M39: =K38*Declarations!$D$29+L38*Declarations!$D$30+M38*Declarations!$D$31+N38*Declarations!$D$32 -> 0.13260383 | N39: =K38*Declarations!$E$29+L38*Declarations!$E$30+M38*Tech_to_cap_case2+N38*Declarations!$E$32 -> 0 | O39: =O38*Declarations!$B$29+P38*Declarations!$B$30+Q38*Declarations!$B$31+R38*Declarations!$B$32 -> 0 | P39: =O38*Declarations!$C$29+P38*Declarations!$C$30+Q38*Declarations!$C$31+R38*Declarations!$C$32 -> 0.038152042 | Q39: =O38*Declarations!$D$29+P38*Declarations!$D$30+Q38*Declarations!$D$31+R38*Declarations!$D$32 -> 0 | R39: =O38*Declarations!$E$29+P38*Declarations!$E$30+Q38*Tech_to_cap_case2+R38*Declarations!$E$32 -> 0 | W39: 40 | X39: =SUMPRODUCT(($A$8:$A$48<$W$39)*$B$8:$B$48*$B$8:$B$48) -> 10.087022 | Y39: =SUMPRODUCT(($A$8:$A$48<$W$39)*$B$8:$B$48*$D$8:$D$48) -> 2.5628562 | Z39: =SUMPRODUCT(($A$8:$A$48<$W$39)*$B$8:$B$48*$E$8:$E$48) -> 0.88228927 | AA39: =MDETERM(X39:Z41) -> 0.10915498 | AB39: =Report_err*SQRT((X39*Y40-Y39*X40)/AA39) -> 5.7790496
A40: 32 | B40: =B39*Declarations!$B$29+C39*Declarations!$B$30+D39*Declarations!$B$31+E39*Declarations!$B$32 -> 0.19371148 | C40: =B39*Declarations!$C$29+C39*Declarations!$C$30+D39*Declarations!$C$31+E39*Declarations!$C$32 -> 0 | D40: =B39*Declarations!$D$29+C39*Declarations!$D$30+D39*Declarations!$D$31+E39*Declarations!$D$32 -> 0.12749972 | E40: =B39*Declarations!$E$29+C39*Declarations!$E$30+D39*Declarations!$E$31+E39*Declarations!$E$32 -> 0.095701673 | F40: =F39*Declarations!$B$29+G39*Declarations!$B$30+H39*Declarations!$B$31+I39*Declarations!$B$32 -> 0 | G40: =F39*Declarations!$C$29+G39*Declarations!$C$30+H39*Declarations!$C$31+I39*Declarations!$C$32 -> 0.034336838 | H40: =F39*Declarations!$D$29+G39*Declarations!$D$30+H39*Declarations!$D$31+I39*Declarations!$D$32 -> 0 | I40: =F39*Declarations!$E$29+G39*Declarations!$E$30+H39*Declarations!$E$31+I39*Declarations!$E$32 -> 0 | K40: =K39*Declarations!$B$29+L39*Declarations!$B$30+M39*Declarations!$B$31+N39*Declarations!$B$32 -> 0.19371148 | L40: =K39*Declarations!$C$29+L39*Declarations!$C$30+M39*Declarations!$C$31+N39*Declarations!$C$32 -> 0 | M40: =K39*Declarations!$D$29+L39*Declarations!$D$30+M39*Declarations!$D$31+N39*Declarations!$D$32 -> 0.12749972 | N40: =K39*Declarations!$E$29+L39*Declarations!$E$30+M39*Tech_to_cap_case2+N39*Declarations!$E$32 -> 0 | O40: =O39*Declarations!$B$29+P39*Declarations!$B$30+Q39*Declarations!$B$31+R39*Declarations!$B$32 -> 0 | P40: =O39*Declarations!$C$29+P39*Declarations!$C$30+Q39*Declarations!$C$31+R39*Declarations!$C$32 -> 0.034336838 | Q40: =O39*Declarations!$D$29+P39*Declarations!$D$30+Q39*Declarations!$D$31+R39*Declarations!$D$32 -> 0 | R40: =O39*Declarations!$E$29+P39*Declarations!$E$30+Q39*Tech_to_cap_case2+R39*Declarations!$E$32 -> 0 | X40: =SUMPRODUCT(($A$8:$A$48<$W$39)*$D$8:$D$48*$B$8:$B$48) -> 2.5628562 | Y40: =SUMPRODUCT(($A$8:$A$48<$W$39)*$D$8:$D$48*$D$8:$D$48) -> 1.0125611 | Z40: =SUMPRODUCT(($A$8:$A$48<$W$39)*$D$8:$D$48*$E$8:$E$48) -> 0.43998689
A41: 33 | B41: =B40*Declarations!$B$29+C40*Declarations!$B$30+D40*Declarations!$B$31+E40*Declarations!$B$32 -> 0.18402591 | C41: =B40*Declarations!$C$29+C40*Declarations!$C$30+D40*Declarations!$C$31+E40*Declarations!$C$32 -> 0 | D41: =B40*Declarations!$D$29+C40*Declarations!$D$30+D40*Declarations!$D$31+E40*Declarations!$D$32 -> 0.1224982 | E41: =B40*Declarations!$E$29+C40*Declarations!$E$30+D40*Declarations!$E$31+E40*Declarations!$E$32 -> 0.094420525 | F41: =F40*Declarations!$B$29+G40*Declarations!$B$30+H40*Declarations!$B$31+I40*Declarations!$B$32 -> 0 | G41: =F40*Declarations!$C$29+G40*Declarations!$C$30+H40*Declarations!$C$31+I40*Declarations!$C$32 -> 0.030903154 | H41: =F40*Declarations!$D$29+G40*Declarations!$D$30+H40*Declarations!$D$31+I40*Declarations!$D$32 -> 0 | I41: =F40*Declarations!$E$29+G40*Declarations!$E$30+H40*Declarations!$E$31+I40*Declarations!$E$32 -> 0 | K41: =K40*Declarations!$B$29+L40*Declarations!$B$30+M40*Declarations!$B$31+N40*Declarations!$B$32 -> 0.18402591 | L41: =K40*Declarations!$C$29+L40*Declarations!$C$30+M40*Declarations!$C$31+N40*Declarations!$C$32 -> 0 | M41: =K40*Declarations!$D$29+L40*Declarations!$D$30+M40*Declarations!$D$31+N40*Declarations!$D$32 -> 0.1224982 | N41: =K40*Declarations!$E$29+L40*Declarations!$E$30+M40*Tech_to_cap_case2+N40*Declarations!$E$32 -> 0 | O41: =O40*Declarations!$B$29+P40*Declarations!$B$30+Q40*Declarations!$B$31+R40*Declarations!$B$32 -> 0 | P41: =O40*Declarations!$C$29+P40*Declarations!$C$30+Q40*Declarations!$C$31+R40*Declarations!$C$32 -> 0.030903154 | Q41: =O40*Declarations!$D$29+P40*Declarations!$D$30+Q40*Declarations!$D$31+R40*Declarations!$D$32 -> 0 | R41: =O40*Declarations!$E$29+P40*Declarations!$E$30+Q40*Tech_to_cap_case2+R40*Declarations!$E$32 -> 0 | X41: =SUMPRODUCT(($A$8:$A$48<$W$39)*$E$8:$E$48*$B$8:$B$48) -> 0.88228927 | Y41: =SUMPRODUCT(($A$8:$A$48<$W$39)*$E$8:$E$48*$D$8:$D$48) -> 0.43998689 | Z41: =SUMPRODUCT(($A$8:$A$48<$W$39)*$E$8:$E$48*$E$8:$E$48) -> 0.23599513
A42: 34 | B42: =B41*Declarations!$B$29+C41*Declarations!$B$30+D41*Declarations!$B$31+E41*Declarations!$B$32 -> 0.17482461 | C42: =B41*Declarations!$C$29+C41*Declarations!$C$30+D41*Declarations!$C$31+E41*Declarations!$C$32 -> 0 | D42: =B41*Declarations!$D$29+C41*Declarations!$D$30+D41*Declarations!$D$31+E41*Declarations!$D$32 -> 0.11760942 | E42: =B41*Declarations!$E$29+C41*Declarations!$E$30+D41*Declarations!$E$31+E41*Declarations!$E$32 -> 0.092991794 | F42: =F41*Declarations!$B$29+G41*Declarations!$B$30+H41*Declarations!$B$31+I41*Declarations!$B$32 -> 0 | G42: =F41*Declarations!$C$29+G41*Declarations!$C$30+H41*Declarations!$C$31+I41*Declarations!$C$32 -> 0.027812839 | H42: =F41*Declarations!$D$29+G41*Declarations!$D$30+H41*Declarations!$D$31+I41*Declarations!$D$32 -> 0 | I42: =F41*Declarations!$E$29+G41*Declarations!$E$30+H41*Declarations!$E$31+I41*Declarations!$E$32 -> 0 | K42: =K41*Declarations!$B$29+L41*Declarations!$B$30+M41*Declarations!$B$31+N41*Declarations!$B$32 -> 0.17482461 | L42: =K41*Declarations!$C$29+L41*Declarations!$C$30+M41*Declarations!$C$31+N41*Declarations!$C$32 -> 0 | M42: =K41*Declarations!$D$29+L41*Declarations!$D$30+M41*Declarations!$D$31+N41*Declarations!$D$32 -> 0.11760942 | N42: =K41*Declarations!$E$29+L41*Declarations!$E$30+M41*Tech_to_cap_case2+N41*Declarations!$E$32 -> 0 | O42: =O41*Declarations!$B$29+P41*Declarations!$B$30+Q41*Declarations!$B$31+R41*Declarations!$B$32 -> 0 | P42: =O41*Declarations!$C$29+P41*Declarations!$C$30+Q41*Declarations!$C$31+R41*Declarations!$C$32 -> 0.027812839 | Q42: =O41*Declarations!$D$29+P41*Declarations!$D$30+Q41*Declarations!$D$31+R41*Declarations!$D$32 -> 0 | R42: =O41*Declarations!$E$29+P41*Declarations!$E$30+Q41*Tech_to_cap_case2+R41*Declarations!$E$32 -> 0
A43: 35 | B43: =B42*Declarations!$B$29+C42*Declarations!$B$30+D42*Declarations!$B$31+E42*Declarations!$B$32 -> 0.16608338 | C43: =B42*Declarations!$C$29+C42*Declarations!$C$30+D42*Declarations!$C$31+E42*Declarations!$C$32 -> 0 | D43: =B42*Declarations!$D$29+C42*Declarations!$D$30+D42*Declarations!$D$31+E42*Declarations!$D$32 -> 0.11284146 | E43: =B42*Declarations!$E$29+C42*Declarations!$E$30+D42*Declarations!$E$31+E42*Declarations!$E$32 -> 0.091432921 | F43: =F42*Declarations!$B$29+G42*Declarations!$B$30+H42*Declarations!$B$31+I42*Declarations!$B$32 -> 0 | G43: =F42*Declarations!$C$29+G42*Declarations!$C$30+H42*Declarations!$C$31+I42*Declarations!$C$32 -> 0.025031555 | H43: =F42*Declarations!$D$29+G42*Declarations!$D$30+H42*Declarations!$D$31+I42*Declarations!$D$32 -> 0 | I43: =F42*Declarations!$E$29+G42*Declarations!$E$30+H42*Declarations!$E$31+I42*Declarations!$E$32 -> 0 | K43: =K42*Declarations!$B$29+L42*Declarations!$B$30+M42*Declarations!$B$31+N42*Declarations!$B$32 -> 0.16608338 | L43: =K42*Declarations!$C$29+L42*Declarations!$C$30+M42*Declarations!$C$31+N42*Declarations!$C$32 -> 0 | M43: =K42*Declarations!$D$29+L42*Declarations!$D$30+M42*Declarations!$D$31+N42*Declarations!$D$32 -> 0.11284146 | N43: =K42*Declarations!$E$29+L42*Declarations!$E$30+M42*Tech_to_cap_case2+N42*Declarations!$E$32 -> 0 | O43: =O42*Declarations!$B$29+P42*Declarations!$B$30+Q42*Declarations!$B$31+R42*Declarations!$B$32 -> 0 | P43: =O42*Declarations!$C$29+P42*Declarations!$C$30+Q42*Declarations!$C$31+R42*Declarations!$C$32 -> 0.025031555 | Q43: =O42*Declarations!$D$29+P42*Declarations!$D$30+Q42*Declarations!$D$31+R42*Declarations!$D$32 -> 0 | R43: =O42*Declarations!$E$29+P42*Declarations!$E$30+Q42*Tech_to_cap_case2+R42*Declarations!$E$32 -> 0 | W43: With one unit of error on every reported number, the least-squares reconstruction has covariance (O'O)^-1; technology's variance is a cofactor of the Gram matrix over its determinant. Visible in principle, invisible in practice for years: about 480 after four quarters, 6 after forty.
A44: 36 | B44: =B43*Declarations!$B$29+C43*Declarations!$B$30+D43*Declarations!$B$31+E43*Declarations!$B$32 -> 0.15777921 | C44: =B43*Declarations!$C$29+C43*Declarations!$C$30+D43*Declarations!$C$31+E43*Declarations!$C$32 -> 0 | D44: =B43*Declarations!$D$29+C43*Declarations!$D$30+D43*Declarations!$D$31+E43*Declarations!$D$32 -> 0.10820065 | E44: =B43*Declarations!$E$29+C43*Declarations!$E$30+D43*Declarations!$E$31+E43*Declarations!$E$32 -> 0.089760361 | F44: =F43*Declarations!$B$29+G43*Declarations!$B$30+H43*Declarations!$B$31+I43*Declarations!$B$32 -> 0 | G44: =F43*Declarations!$C$29+G43*Declarations!$C$30+H43*Declarations!$C$31+I43*Declarations!$C$32 -> 0.0225284 | H44: =F43*Declarations!$D$29+G43*Declarations!$D$30+H43*Declarations!$D$31+I43*Declarations!$D$32 -> 0 | I44: =F43*Declarations!$E$29+G43*Declarations!$E$30+H43*Declarations!$E$31+I43*Declarations!$E$32 -> 0 | K44: =K43*Declarations!$B$29+L43*Declarations!$B$30+M43*Declarations!$B$31+N43*Declarations!$B$32 -> 0.15777921 | L44: =K43*Declarations!$C$29+L43*Declarations!$C$30+M43*Declarations!$C$31+N43*Declarations!$C$32 -> 0 | M44: =K43*Declarations!$D$29+L43*Declarations!$D$30+M43*Declarations!$D$31+N43*Declarations!$D$32 -> 0.10820065 | N44: =K43*Declarations!$E$29+L43*Declarations!$E$30+M43*Tech_to_cap_case2+N43*Declarations!$E$32 -> 0 | O44: =O43*Declarations!$B$29+P43*Declarations!$B$30+Q43*Declarations!$B$31+R43*Declarations!$B$32 -> 0 | P44: =O43*Declarations!$C$29+P43*Declarations!$C$30+Q43*Declarations!$C$31+R43*Declarations!$C$32 -> 0.0225284 | Q44: =O43*Declarations!$D$29+P43*Declarations!$D$30+Q43*Declarations!$D$31+R43*Declarations!$D$32 -> 0 | R44: =O43*Declarations!$E$29+P43*Declarations!$E$30+Q43*Tech_to_cap_case2+R43*Declarations!$E$32 -> 0
A45: 37 | B45: =B44*Declarations!$B$29+C44*Declarations!$B$30+D44*Declarations!$B$31+E44*Declarations!$B$32 -> 0.14989025 | C45: =B44*Declarations!$C$29+C44*Declarations!$C$30+D44*Declarations!$C$31+E44*Declarations!$C$32 -> 0 | D45: =B44*Declarations!$D$29+C44*Declarations!$D$30+D44*Declarations!$D$31+E44*Declarations!$D$32 -> 0.10369176 | E45: =B44*Declarations!$E$29+C44*Declarations!$E$30+D44*Declarations!$E$31+E44*Declarations!$E$32 -> 0.087989564 | F45: =F44*Declarations!$B$29+G44*Declarations!$B$30+H44*Declarations!$B$31+I44*Declarations!$B$32 -> 0 | G45: =F44*Declarations!$C$29+G44*Declarations!$C$30+H44*Declarations!$C$31+I44*Declarations!$C$32 -> 0.02027556 | H45: =F44*Declarations!$D$29+G44*Declarations!$D$30+H44*Declarations!$D$31+I44*Declarations!$D$32 -> 0 | I45: =F44*Declarations!$E$29+G44*Declarations!$E$30+H44*Declarations!$E$31+I44*Declarations!$E$32 -> 0 | K45: =K44*Declarations!$B$29+L44*Declarations!$B$30+M44*Declarations!$B$31+N44*Declarations!$B$32 -> 0.14989025 | L45: =K44*Declarations!$C$29+L44*Declarations!$C$30+M44*Declarations!$C$31+N44*Declarations!$C$32 -> 0 | M45: =K44*Declarations!$D$29+L44*Declarations!$D$30+M44*Declarations!$D$31+N44*Declarations!$D$32 -> 0.10369176 | N45: =K44*Declarations!$E$29+L44*Declarations!$E$30+M44*Tech_to_cap_case2+N44*Declarations!$E$32 -> 0 | O45: =O44*Declarations!$B$29+P44*Declarations!$B$30+Q44*Declarations!$B$31+R44*Declarations!$B$32 -> 0 | P45: =O44*Declarations!$C$29+P44*Declarations!$C$30+Q44*Declarations!$C$31+R44*Declarations!$C$32 -> 0.02027556 | Q45: =O44*Declarations!$D$29+P44*Declarations!$D$30+Q44*Declarations!$D$31+R44*Declarations!$D$32 -> 0 | R45: =O44*Declarations!$E$29+P44*Declarations!$E$30+Q44*Tech_to_cap_case2+R44*Declarations!$E$32 -> 0
A46: 38 | B46: =B45*Declarations!$B$29+C45*Declarations!$B$30+D45*Declarations!$B$31+E45*Declarations!$B$32 -> 0.14239574 | C46: =B45*Declarations!$C$29+C45*Declarations!$C$30+D45*Declarations!$C$31+E45*Declarations!$C$32 -> 0 | D46: =B45*Declarations!$D$29+C45*Declarations!$D$30+D45*Declarations!$D$31+E45*Declarations!$D$32 -> 0.09931819 | E46: =B45*Declarations!$E$29+C45*Declarations!$E$30+D45*Declarations!$E$31+E45*Declarations!$E$32 -> 0.086134987 | F46: =F45*Declarations!$B$29+G45*Declarations!$B$30+H45*Declarations!$B$31+I45*Declarations!$B$32 -> 0 | G46: =F45*Declarations!$C$29+G45*Declarations!$C$30+H45*Declarations!$C$31+I45*Declarations!$C$32 -> 0.018248004 | H46: =F45*Declarations!$D$29+G45*Declarations!$D$30+H45*Declarations!$D$31+I45*Declarations!$D$32 -> 0 | I46: =F45*Declarations!$E$29+G45*Declarations!$E$30+H45*Declarations!$E$31+I45*Declarations!$E$32 -> 0 | K46: =K45*Declarations!$B$29+L45*Declarations!$B$30+M45*Declarations!$B$31+N45*Declarations!$B$32 -> 0.14239574 | L46: =K45*Declarations!$C$29+L45*Declarations!$C$30+M45*Declarations!$C$31+N45*Declarations!$C$32 -> 0 | M46: =K45*Declarations!$D$29+L45*Declarations!$D$30+M45*Declarations!$D$31+N45*Declarations!$D$32 -> 0.09931819 | N46: =K45*Declarations!$E$29+L45*Declarations!$E$30+M45*Tech_to_cap_case2+N45*Declarations!$E$32 -> 0 | O46: =O45*Declarations!$B$29+P45*Declarations!$B$30+Q45*Declarations!$B$31+R45*Declarations!$B$32 -> 0 | P46: =O45*Declarations!$C$29+P45*Declarations!$C$30+Q45*Declarations!$C$31+R45*Declarations!$C$32 -> 0.018248004 | Q46: =O45*Declarations!$D$29+P45*Declarations!$D$30+Q45*Declarations!$D$31+R45*Declarations!$D$32 -> 0 | R46: =O45*Declarations!$E$29+P45*Declarations!$E$30+Q45*Tech_to_cap_case2+R45*Declarations!$E$32 -> 0
A47: 39 | B47: =B46*Declarations!$B$29+C46*Declarations!$B$30+D46*Declarations!$B$31+E46*Declarations!$B$32 -> 0.13527595 | C47: =B46*Declarations!$C$29+C46*Declarations!$C$30+D46*Declarations!$C$31+E46*Declarations!$C$32 -> 0 | D47: =B46*Declarations!$D$29+C46*Declarations!$D$30+D46*Declarations!$D$31+E46*Declarations!$D$32 -> 0.095082201 | E47: =B46*Declarations!$E$29+C46*Declarations!$E$30+D46*Declarations!$E$31+E46*Declarations!$E$32 -> 0.084210097 | F47: =F46*Declarations!$B$29+G46*Declarations!$B$30+H46*Declarations!$B$31+I46*Declarations!$B$32 -> 0 | G47: =F46*Declarations!$C$29+G46*Declarations!$C$30+H46*Declarations!$C$31+I46*Declarations!$C$32 -> 0.016423203 | H47: =F46*Declarations!$D$29+G46*Declarations!$D$30+H46*Declarations!$D$31+I46*Declarations!$D$32 -> 0 | I47: =F46*Declarations!$E$29+G46*Declarations!$E$30+H46*Declarations!$E$31+I46*Declarations!$E$32 -> 0 | K47: =K46*Declarations!$B$29+L46*Declarations!$B$30+M46*Declarations!$B$31+N46*Declarations!$B$32 -> 0.13527595 | L47: =K46*Declarations!$C$29+L46*Declarations!$C$30+M46*Declarations!$C$31+N46*Declarations!$C$32 -> 0 | M47: =K46*Declarations!$D$29+L46*Declarations!$D$30+M46*Declarations!$D$31+N46*Declarations!$D$32 -> 0.095082201 | N47: =K46*Declarations!$E$29+L46*Declarations!$E$30+M46*Tech_to_cap_case2+N46*Declarations!$E$32 -> 0 | O47: =O46*Declarations!$B$29+P46*Declarations!$B$30+Q46*Declarations!$B$31+R46*Declarations!$B$32 -> 0 | P47: =O46*Declarations!$C$29+P46*Declarations!$C$30+Q46*Declarations!$C$31+R46*Declarations!$C$32 -> 0.016423203 | Q47: =O46*Declarations!$D$29+P46*Declarations!$D$30+Q46*Declarations!$D$31+R46*Declarations!$D$32 -> 0 | R47: =O46*Declarations!$E$29+P46*Declarations!$E$30+Q46*Tech_to_cap_case2+R46*Declarations!$E$32 -> 0
A48: 40 | B48: =B47*Declarations!$B$29+C47*Declarations!$B$30+D47*Declarations!$B$31+E47*Declarations!$B$32 -> 0.12851216 | C48: =B47*Declarations!$C$29+C47*Declarations!$C$30+D47*Declarations!$C$31+E47*Declarations!$C$32 -> 0 | D48: =B47*Declarations!$D$29+C47*Declarations!$D$30+D47*Declarations!$D$31+E47*Declarations!$D$32 -> 0.090985019 | E48: =B47*Declarations!$E$29+C47*Declarations!$E$30+D47*Declarations!$E$31+E47*Declarations!$E$32 -> 0.0822274 | F48: =F47*Declarations!$B$29+G47*Declarations!$B$30+H47*Declarations!$B$31+I47*Declarations!$B$32 -> 0 | G48: =F47*Declarations!$C$29+G47*Declarations!$C$30+H47*Declarations!$C$31+I47*Declarations!$C$32 -> 0.014780883 | H48: =F47*Declarations!$D$29+G47*Declarations!$D$30+H47*Declarations!$D$31+I47*Declarations!$D$32 -> 0 | I48: =F47*Declarations!$E$29+G47*Declarations!$E$30+H47*Declarations!$E$31+I47*Declarations!$E$32 -> 0 | K48: =K47*Declarations!$B$29+L47*Declarations!$B$30+M47*Declarations!$B$31+N47*Declarations!$B$32 -> 0.12851216 | L48: =K47*Declarations!$C$29+L47*Declarations!$C$30+M47*Declarations!$C$31+N47*Declarations!$C$32 -> 0 | M48: =K47*Declarations!$D$29+L47*Declarations!$D$30+M47*Declarations!$D$31+N47*Declarations!$D$32 -> 0.090985019 | N48: =K47*Declarations!$E$29+L47*Declarations!$E$30+M47*Tech_to_cap_case2+N47*Declarations!$E$32 -> 0 | O48: =O47*Declarations!$B$29+P47*Declarations!$B$30+Q47*Declarations!$B$31+R47*Declarations!$B$32 -> 0 | P48: =O47*Declarations!$C$29+P47*Declarations!$C$30+Q47*Declarations!$C$31+R47*Declarations!$C$32 -> 0.014780883 | Q48: =O47*Declarations!$D$29+P47*Declarations!$D$30+Q47*Declarations!$D$31+R47*Declarations!$D$32 -> 0 | R48: =O47*Declarations!$E$29+P47*Declarations!$E$30+Q47*Tech_to_cap_case2+R47*Declarations!$E$32 -> 0

Sheet Gains
A1: Write the loop and read the chart: hires within the quarter (Worked Example 7.1, Steps 1-2; Theorem 7.5(ii); Tables 7.4 and 7.5; AXIOM Lab 1.7, step 4)
A3: Table 7.4's boundaries | B3: Gain | C3: Reading
A4: Lower stability limit (a - 1) / b | B4: =(Carry_a-1)/Hire_b -> -0.16666667 | C4: below it, divergence persists
A5: Deadbeat gain a / b | B5: =Carry_a/Hire_b -> 1.5 | C5: closes any gap in one quarter: 1.5
A6: Upper stability limit (a + 1) / b | B6: =(Carry_a+1)/Hire_b -> 3.1666667 | C6: 1.9/0.6, about 3.17: above it, overcorrection
A8: Rule | B8: Gain | C8: Coefficient a - b gamma | D8: Regime (Table 7.4)
A9: cautious | B9: =Gain_cautious -> 0.5 | C9: =Carry_a-Hire_b*B9 -> 0.6 | D9: =IF(C9>=1,"divergence persists: undercorrection",IF(C9>0.000000000001,"steady convergence: calibrated steering",IF(C9>=-0.000000000001,"one step: deadbeat",IF(C9>-1+0.000000000001,"damped swings: aggressive but stable","growing swings: overcorrection")))) -> steady convergence: calibrated steering
A10: moderate | B10: =Gain_moderate -> 1 | C10: =Carry_a-Hire_b*B10 -> 0.3 | D10: =IF(C10>=1,"divergence persists: undercorrection",IF(C10>0.000000000001,"steady convergence: calibrated steering",IF(C10>=-0.000000000001,"one step: deadbeat",IF(C10>-1+0.000000000001,"damped swings: aggressive but stable","growing swings: overcorrection")))) -> steady convergence: calibrated steering
A11: deadbeat | B11: =Gain_deadbeat -> 1.5 | C11: =Carry_a-Hire_b*B11 -> 0 | D11: =IF(C11>=1,"divergence persists: undercorrection",IF(C11>0.000000000001,"steady convergence: calibrated steering",IF(C11>=-0.000000000001,"one step: deadbeat",IF(C11>-1+0.000000000001,"damped swings: aggressive but stable","growing swings: overcorrection")))) -> one step: deadbeat
A12: aggressive | B12: =Gain_aggressive -> 2.5 | C12: =Carry_a-Hire_b*B12 -> -0.6 | D12: =IF(C12>=1,"divergence persists: undercorrection",IF(C12>0.000000000001,"steady convergence: calibrated steering",IF(C12>=-0.000000000001,"one step: deadbeat",IF(C12>-1+0.000000000001,"damped swings: aggressive but stable","growing swings: overcorrection")))) -> damped swings: aggressive but stable
A13: overcorrecting | B13: =Gain_over -> 3.5 | C13: =Carry_a-Hire_b*B13 -> -1.2 | D13: =IF(C13>=1,"divergence persists: undercorrection",IF(C13>0.000000000001,"steady convergence: calibrated steering",IF(C13>=-0.000000000001,"one step: deadbeat",IF(C13>-1+0.000000000001,"damped swings: aggressive but stable","growing swings: overcorrection")))) -> growing swings: overcorrection
A16: Quarter | B16: Gap: cautious | C16: Gap: moderate | D16: Gap: deadbeat | E16: Gap: aggressive | F16: Gap: overcorrecting
A17: 0 | B17: =Gap_d0 -> -100 | C17: =Gap_d0 -> -100 | D17: =Gap_d0 -> -100 | E17: =Gap_d0 -> -100 | F17: =Gap_d0 -> -100
A18: 1 | B18: =$C$9*B17 -> -60 | C18: =$C$10*C17 -> -30 | D18: =$C$11*D17 -> 0 | E18: =$C$12*E17 -> 60 | F18: =$C$13*F17 -> 120
A19: 2 | B19: =$C$9*B18 -> -36 | C19: =$C$10*C18 -> -9 | D19: =$C$11*D18 -> 0 | E19: =$C$12*E18 -> -36 | F19: =$C$13*F18 -> -144
A20: 3 | B20: =$C$9*B19 -> -21.6 | C20: =$C$10*C19 -> -2.7 | D20: =$C$11*D19 -> 0 | E20: =$C$12*E19 -> 21.6 | F20: =$C$13*F19 -> 172.8
A21: 4 | B21: =$C$9*B20 -> -12.96 | C21: =$C$10*C20 -> -0.81 | D21: =$C$11*D20 -> 0 | E21: =$C$12*E20 -> -12.96 | F21: =$C$13*F20 -> -207.36
A22: 5 | B22: =$C$9*B21 -> -7.776 | C22: =$C$10*C21 -> -0.243 | D22: =$C$11*D21 -> 0 | E22: =$C$12*E21 -> 7.776 | F22: =$C$13*F21 -> 248.832
A23: 6 | B23: =$C$9*B22 -> -4.6656 | C23: =$C$10*C22 -> -0.0729 | D23: =$C$11*D22 -> 0 | E23: =$C$12*E22 -> -4.6656 | F23: =$C$13*F22 -> -298.5984
A24: 7 | B24: =$C$9*B23 -> -2.79936 | C24: =$C$10*C23 -> -0.02187 | D24: =$C$11*D23 -> 0 | E24: =$C$12*E23 -> 2.79936 | F24: =$C$13*F23 -> 358.31808
A25: 8 | B25: =$C$9*B24 -> -1.679616 | C25: =$C$10*C24 -> -0.006561 | D25: =$C$11*D24 -> 0 | E25: =$C$12*E24 -> -1.679616 | F25: =$C$13*F24 -> -429.9817
A26: 9 | B26: =$C$9*B25 -> -1.0077696 | C26: =$C$10*C25 -> -0.0019683 | D26: =$C$11*D25 -> 0 | E26: =$C$12*E25 -> 1.0077696 | F26: =$C$13*F25 -> 515.97804
A27: 10 | B27: =$C$9*B26 -> -0.60466176 | C27: =$C$10*C26 -> -0.00059049 | D27: =$C$11*D26 -> 0 | E27: =$C$12*E26 -> -0.60466176 | F27: =$C$13*F26 -> -619.17364
A28: 11 | B28: =$C$9*B27 -> -0.36279706 | C28: =$C$10*C27 -> -0.000177147 | D28: =$C$11*D27 -> 0 | E28: =$C$12*E27 -> 0.36279706 | F28: =$C$13*F27 -> 743.00837
A29: 12 | B29: =$C$9*B28 -> -0.21767823 | C29: =$C$10*C28 -> -5.31441e-05 | D29: =$C$11*D28 -> 0 | E29: =$C$12*E28 -> -0.21767823 | F29: =$C$13*F28 -> -891.61004
A31: Table 7.5, hires within the quarter | B31: q0 | C31: q1 | D31: q2 | E31: q3 | F31: q4 | G31: q5 | H31: q6 | I31: q7 | J31: q8
A32: Cautious, gamma = 0.5 | B32: =B17 -> -100 | C32: =B18 -> -60 | D32: =B19 -> -36 | E32: =B20 -> -21.6 | F32: =B21 -> -12.96 | G32: =B22 -> -7.776 | H32: =B23 -> -4.6656 | I32: =B24 -> -2.79936 | J32: =B25 -> -1.679616
A33: Deadbeat, gamma = 1.5 | B33: =D17 -> -100 | C33: =D18 -> 0 | D33: =D19 -> 0 | E33: =D20 -> 0 | F33: =D21 -> 0 | G33: =D22 -> 0 | H33: =D23 -> 0 | I33: =D24 -> 0 | J33: =D25 -> 0
A34: Overcorrecting, gamma = 3.5 | B34: =F17 -> -100 | C34: =F18 -> 120 | D34: =F19 -> -144 | E34: =F20 -> 172.8 | F34: =F21 -> -207.36 | G34: =F22 -> 248.832 | H34: =F23 -> -298.5984 | I34: =F24 -> 358.31808 | J34: =F25 -> -429.9817
A36: A gain of 3.5 turns a shortfall of 100 into a surplus of 120, then a shortfall of 144: a hiring spree, a freeze, a bigger spree (Worked Example 7.1, Step 2).

Sheet Delay
A1: Allow for the delay and re-test the deadbeat rule (Worked Example 7.1, Steps 3-4; Online Appendix 7.B.5-7.B.7; Table 7.5; Figure 7.3; AXIOM Lab 1.7, step 4)
A2: Approvals take a quarter to become engineers: d(k+1) = a d(k) - b gamma d(k-1), nothing in the pipeline at the start. The roots of z^2 - a z + b gamma are complex with modulus sqrt(b gamma) when a^2 < 4 b gamma.
A4: Stability limit with the delay, 1 / b | B4: =1/Hire_b -> 1.6666667
A5: Without the delay, (a + 1) / b | B5: =(Carry_a+1)/Hire_b -> 3.1666667
A6: The safe range with the delay, as a share of the range without | B6: =B4/B5 -> 0.52631579
A8: Rule | B8: Gain | C8: a^2 - 4 b gamma | D8: Modulus | E8: cos(theta) | F8: Cycle (quarters) | G8: Swings halve (quarters) | H8: Within 10 for good from quarter | I8: Within 5 for good from quarter
A9: cautious | B9: =Gain_cautious -> 0.5 | C9: =Carry_a^2-4*Hire_b*B9 -> -0.39 | D9: =IF(C9<-0.000000000001,SQRT(Hire_b*B9),MAX(ABS((Carry_a+SQRT(MAX(C9,0)))/2),ABS((Carry_a-SQRT(MAX(C9,0)))/2))) -> 0.54772256 | E9: =IF(C9<-0.000000000001,Carry_a/(2*SQRT(Hire_b*B9)),"real roots") -> 0.82158384 | F9: =IF(C9<-0.000000000001,2*PI()/ACOS(E9),"no cycle") -> 10.357822 | G9: =IF(D9<1,LN(2)/LN(1/D9),"grows") -> 1.1514333 | H9: =IF(D9<1,MAX(G$31:G$111)+1,"never") -> 4 | I9: =IF(D9<1,MAX(H$31:H$111)+1,"never") -> 4
A10: moderate | B10: =Gain_moderate -> 1 | C10: =Carry_a^2-4*Hire_b*B10 -> -1.59 | D10: =IF(C10<-0.000000000001,SQRT(Hire_b*B10),MAX(ABS((Carry_a+SQRT(MAX(C10,0)))/2),ABS((Carry_a-SQRT(MAX(C10,0)))/2))) -> 0.77459667 | E10: =IF(C10<-0.000000000001,Carry_a/(2*SQRT(Hire_b*B10)),"real roots") -> 0.5809475 | F10: =IF(C10<-0.000000000001,2*PI()/ACOS(E10),"no cycle") -> 6.6075914 | G10: =IF(D10<1,LN(2)/LN(1/D10),"grows") -> 2.7138309 | H10: =IF(D10<1,MAX(I$31:I$111)+1,"never") -> 9 | I10: =IF(D10<1,MAX(J$31:J$111)+1,"never") -> 12
A11: deadbeat rule | B11: =Gain_deadbeat -> 1.5 | C11: =Carry_a^2-4*Hire_b*B11 -> -2.79 | D11: =IF(C11<-0.000000000001,SQRT(Hire_b*B11),MAX(ABS((Carry_a+SQRT(MAX(C11,0)))/2),ABS((Carry_a-SQRT(MAX(C11,0)))/2))) -> 0.9486833 | E11: =IF(C11<-0.000000000001,Carry_a/(2*SQRT(Hire_b*B11)),"real roots") -> 0.47434165 | F11: =IF(C11<-0.000000000001,2*PI()/ACOS(E11),"no cycle") -> 5.8362441 | G11: =IF(D11<1,LN(2)/LN(1/D11),"grows") -> 13.157627 | H11: =IF(D11<1,MAX(K$31:K$111)+1,"never") -> 45 | I11: =IF(D11<1,MAX(L$31:L$111)+1,"never") -> 57
A12: beyond the limit | B12: =Gain_beyond -> 1.8 | C12: =Carry_a^2-4*Hire_b*B12 -> -3.51 | D12: =IF(C12<-0.000000000001,SQRT(Hire_b*B12),MAX(ABS((Carry_a+SQRT(MAX(C12,0)))/2),ABS((Carry_a-SQRT(MAX(C12,0)))/2))) -> 1.0392305 | E12: =IF(C12<-0.000000000001,Carry_a/(2*SQRT(Hire_b*B12)),"real roots") -> 0.4330127 | F12: =IF(C12<-0.000000000001,2*PI()/ACOS(E12),"no cycle") -> 5.59518 | G12: =IF(D12<1,LN(2)/LN(1/D12),"grows") -> grows | H12: =IF(D12<1,MAX(M$31:M$111)+1,"never") -> never | I12: =IF(D12<1,MAX(N$31:N$111)+1,"never") -> never
A13: merged roots | B13: =Gain_merged -> 0.3375 | C13: =Carry_a^2-4*Hire_b*B13 -> 0 | D13: =IF(C13<-0.000000000001,SQRT(Hire_b*B13),MAX(ABS((Carry_a+SQRT(MAX(C13,0)))/2),ABS((Carry_a-SQRT(MAX(C13,0)))/2))) -> 0.45 | E13: =IF(C13<-0.000000000001,Carry_a/(2*SQRT(Hire_b*B13)),"real roots") -> real roots | F13: =IF(C13<-0.000000000001,2*PI()/ACOS(E13),"no cycle") -> no cycle | G13: =IF(D13<1,LN(2)/LN(1/D13),"grows") -> 0.86805322 | H13: =IF(D13<1,MAX(O$31:O$111)+1,"never") -> 6 | I13: =IF(D13<1,MAX(P$31:P$111)+1,"never") -> 7
A15: The deadbeat rule with the delay | B15: Value | C15: Reading
A16: Quarter of the overshoot | B16: =MATCH(MAX($D$31:$D$111),$D$31:$D$111,0)-1 -> 3 | C16: quarter 3
A17: Overshoot (engineers too many) | B17: =MAX($D$31:$D$111) -> 89.1 | C17: 89
A18: Swing back within the next five quarters | B18: =MIN(R31:R111) -> -78.6591 | C18: 79 too few
A19: Quarter of the swing back | B19: =MATCH(B18,$D$31:$D$111,0)-1 -> 6 | C19: quarter 6
A20: Largest gap in quarters 40-45, a decade on | B20: =MAX(Q71:Q76) -> 12.365745
A21: More than 10 engineers off a decade later? | B21: =IF(B20>Band_10,1,0) -> 1 | C21: 1: still cycling
A22: Smallest modulus attainable, a / 2 (merged roots) | B22: =Carry_a/2 -> 0.45 | C22: 0.45 at gamma = 0.34
A24: Table 7.5, hires a quarter late | B24: q0 | C24: q1 | D24: q2 | E24: q3 | F24: q4 | G24: q5 | H24: q6 | I24: q7 | J24: q8
A25: Cautious, gamma = 0.5 | B25: =B31 -> -100 | C25: =B32 -> -90 | D25: =B33 -> -51 | E25: =B34 -> -18.9 | F25: =B35 -> -1.71 | G25: =B36 -> 4.131 | H25: =B37 -> 4.2309 | I25: =B38 -> 2.56851 | J25: =B39 -> 1.042389
A26: Deadbeat rule, gamma = 1.5 | B26: =D31 -> -100 | C26: =D32 -> -90 | D26: =D33 -> 9 | E26: =D34 -> 89.1 | F26: =D35 -> 72.09 | G26: =D36 -> -15.309 | H26: =D37 -> -78.6591 | I26: =D38 -> -57.01509 | J26: =D39 -> 19.479609
A30: Quarter | B30: Gap: cautious | C30: Gap: moderate | D30: Gap: deadbeat rule | E30: Gap: beyond the limit | F30: Gap: merged roots | G30: Outside 10: cautious | H30: Outside 5: cautious | I30: Outside 10: moderate | J30: Outside 5: moderate | K30: Outside 10: deadbeat rule | L30: Outside 5: deadbeat rule | M30: Outside 10: beyond the limit | N30: Outside 5: beyond the limit | O30: Outside 10: merged roots | P30: Outside 5: merged roots | Q30: Deadbeat: |gap| | R30: Deadbeat: the swing after the overshoot
A31: 0 | B31: =Gap_d0 -> -100 | C31: =Gap_d0 -> -100 | D31: =Gap_d0 -> -100 | E31: =Gap_d0 -> -100 | F31: =Gap_d0 -> -100 | G31: =IF(ABS(B31)>Band_10+0.000000000001,A31,-1) -> 0 | H31: =IF(ABS(B31)>Band_5+0.000000000001,A31,-1) -> 0 | I31: =IF(ABS(C31)>Band_10+0.000000000001,A31,-1) -> 0 | J31: =IF(ABS(C31)>Band_5+0.000000000001,A31,-1) -> 0 | K31: =IF(ABS(D31)>Band_10+0.000000000001,A31,-1) -> 0 | L31: =IF(ABS(D31)>Band_5+0.000000000001,A31,-1) -> 0 | M31: =IF(ABS(E31)>Band_10+0.000000000001,A31,-1) -> 0 | N31: =IF(ABS(E31)>Band_5+0.000000000001,A31,-1) -> 0 | O31: =IF(ABS(F31)>Band_10+0.000000000001,A31,-1) -> 0 | P31: =IF(ABS(F31)>Band_5+0.000000000001,A31,-1) -> 0 | Q31: =ABS(D31) -> 100 | R31: =IF(AND(A31>=$B$16,A31<=$B$16+5),D31,1000000000) -> 1000000000
A32: 1 | B32: =Carry_a*B31 -> -90 | C32: =Carry_a*C31 -> -90 | D32: =Carry_a*D31 -> -90 | E32: =Carry_a*E31 -> -90 | F32: =Carry_a*F31 -> -90 | G32: =IF(ABS(B32)>Band_10+0.000000000001,A32,-1) -> 1 | H32: =IF(ABS(B32)>Band_5+0.000000000001,A32,-1) -> 1 | I32: =IF(ABS(C32)>Band_10+0.000000000001,A32,-1) -> 1 | J32: =IF(ABS(C32)>Band_5+0.000000000001,A32,-1) -> 1 | K32: =IF(ABS(D32)>Band_10+0.000000000001,A32,-1) -> 1 | L32: =IF(ABS(D32)>Band_5+0.000000000001,A32,-1) -> 1 | M32: =IF(ABS(E32)>Band_10+0.000000000001,A32,-1) -> 1 | N32: =IF(ABS(E32)>Band_5+0.000000000001,A32,-1) -> 1 | O32: =IF(ABS(F32)>Band_10+0.000000000001,A32,-1) -> 1 | P32: =IF(ABS(F32)>Band_5+0.000000000001,A32,-1) -> 1 | Q32: =ABS(D32) -> 90 | R32: =IF(AND(A32>=$B$16,A32<=$B$16+5),D32,1000000000) -> 1000000000
A33: 2 | B33: =Carry_a*B32-Hire_b*$B$9*B31 -> -51 | C33: =Carry_a*C32-Hire_b*$B$10*C31 -> -21 | D33: =Carry_a*D32-Hire_b*$B$11*D31 -> 9 | E33: =Carry_a*E32-Hire_b*$B$12*E31 -> 27 | F33: =Carry_a*F32-Hire_b*$B$13*F31 -> -60.75 | G33: =IF(ABS(B33)>Band_10+0.000000000001,A33,-1) -> 2 | H33: =IF(ABS(B33)>Band_5+0.000000000001,A33,-1) -> 2 | I33: =IF(ABS(C33)>Band_10+0.000000000001,A33,-1) -> 2 | J33: =IF(ABS(C33)>Band_5+0.000000000001,A33,-1) -> 2 | K33: =IF(ABS(D33)>Band_10+0.000000000001,A33,-1) -> -1 | L33: =IF(ABS(D33)>Band_5+0.000000000001,A33,-1) -> 2 | M33: =IF(ABS(E33)>Band_10+0.000000000001,A33,-1) -> 2 | N33: =IF(ABS(E33)>Band_5+0.000000000001,A33,-1) -> 2 | O33: =IF(ABS(F33)>Band_10+0.000000000001,A33,-1) -> 2 | P33: =IF(ABS(F33)>Band_5+0.000000000001,A33,-1) -> 2 | Q33: =ABS(D33) -> 9 | R33: =IF(AND(A33>=$B$16,A33<=$B$16+5),D33,1000000000) -> 1000000000
A34: 3 | B34: =Carry_a*B33-Hire_b*$B$9*B32 -> -18.9 | C34: =Carry_a*C33-Hire_b*$B$10*C32 -> 35.1 | D34: =Carry_a*D33-Hire_b*$B$11*D32 -> 89.1 | E34: =Carry_a*E33-Hire_b*$B$12*E32 -> 121.5 | F34: =Carry_a*F33-Hire_b*$B$13*F32 -> -36.45 | G34: =IF(ABS(B34)>Band_10+0.000000000001,A34,-1) -> 3 | H34: =IF(ABS(B34)>Band_5+0.000000000001,A34,-1) -> 3 | I34: =IF(ABS(C34)>Band_10+0.000000000001,A34,-1) -> 3 | J34: =IF(ABS(C34)>Band_5+0.000000000001,A34,-1) -> 3 | K34: =IF(ABS(D34)>Band_10+0.000000000001,A34,-1) -> 3 | L34: =IF(ABS(D34)>Band_5+0.000000000001,A34,-1) -> 3 | M34: =IF(ABS(E34)>Band_10+0.000000000001,A34,-1) -> 3 | N34: =IF(ABS(E34)>Band_5+0.000000000001,A34,-1) -> 3 | O34: =IF(ABS(F34)>Band_10+0.000000000001,A34,-1) -> 3 | P34: =IF(ABS(F34)>Band_5+0.000000000001,A34,-1) -> 3 | Q34: =ABS(D34) -> 89.1 | R34: =IF(AND(A34>=$B$16,A34<=$B$16+5),D34,1000000000) -> 89.1
A35: 4 | B35: =Carry_a*B34-Hire_b*$B$9*B33 -> -1.71 | C35: =Carry_a*C34-Hire_b*$B$10*C33 -> 44.19 | D35: =Carry_a*D34-Hire_b*$B$11*D33 -> 72.09 | E35: =Carry_a*E34-Hire_b*$B$12*E33 -> 80.19 | F35: =Carry_a*F34-Hire_b*$B$13*F33 -> -20.503125 | G35: =IF(ABS(B35)>Band_10+0.000000000001,A35,-1) -> -1 | H35: =IF(ABS(B35)>Band_5+0.000000000001,A35,-1) -> -1 | I35: =IF(ABS(C35)>Band_10+0.000000000001,A35,-1) -> 4 | J35: =IF(ABS(C35)>Band_5+0.000000000001,A35,-1) -> 4 | K35: =IF(ABS(D35)>Band_10+0.000000000001,A35,-1) -> 4 | L35: =IF(ABS(D35)>Band_5+0.000000000001,A35,-1) -> 4 | M35: =IF(ABS(E35)>Band_10+0.000000000001,A35,-1) -> 4 | N35: =IF(ABS(E35)>Band_5+0.000000000001,A35,-1) -> 4 | O35: =IF(ABS(F35)>Band_10+0.000000000001,A35,-1) -> 4 | P35: =IF(ABS(F35)>Band_5+0.000000000001,A35,-1) -> 4 | Q35: =ABS(D35) -> 72.09 | R35: =IF(AND(A35>=$B$16,A35<=$B$16+5),D35,1000000000) -> 72.09
A36: 5 | B36: =Carry_a*B35-Hire_b*$B$9*B34 -> 4.131 | C36: =Carry_a*C35-Hire_b*$B$10*C34 -> 18.711 | D36: =Carry_a*D35-Hire_b*$B$11*D34 -> -15.309 | E36: =Carry_a*E35-Hire_b*$B$12*E34 -> -59.049 | F36: =Carry_a*F35-Hire_b*$B$13*F34 -> -11.071687 | G36: =IF(ABS(B36)>Band_10+0.000000000001,A36,-1) -> -1 | H36: =IF(ABS(B36)>Band_5+0.000000000001,A36,-1) -> -1 | I36: =IF(ABS(C36)>Band_10+0.000000000001,A36,-1) -> 5 | J36: =IF(ABS(C36)>Band_5+0.000000000001,A36,-1) -> 5 | K36: =IF(ABS(D36)>Band_10+0.000000000001,A36,-1) -> 5 | L36: =IF(ABS(D36)>Band_5+0.000000000001,A36,-1) -> 5 | M36: =IF(ABS(E36)>Band_10+0.000000000001,A36,-1) -> 5 | N36: =IF(ABS(E36)>Band_5+0.000000000001,A36,-1) -> 5 | O36: =IF(ABS(F36)>Band_10+0.000000000001,A36,-1) -> 5 | P36: =IF(ABS(F36)>Band_5+0.000000000001,A36,-1) -> 5 | Q36: =ABS(D36) -> 15.309 | R36: =IF(AND(A36>=$B$16,A36<=$B$16+5),D36,1000000000) -> -15.309
A37: 6 | B37: =Carry_a*B36-Hire_b*$B$9*B35 -> 4.2309 | C37: =Carry_a*C36-Hire_b*$B$10*C35 -> -9.6741 | D37: =Carry_a*D36-Hire_b*$B$11*D35 -> -78.6591 | E37: =Carry_a*E36-Hire_b*$B$12*E35 -> -139.7493 | F37: =Carry_a*F36-Hire_b*$B$13*F35 -> -5.8126359 | G37: =IF(ABS(B37)>Band_10+0.000000000001,A37,-1) -> -1 | H37: =IF(ABS(B37)>Band_5+0.000000000001,A37,-1) -> -1 | I37: =IF(ABS(C37)>Band_10+0.000000000001,A37,-1) -> -1 | J37: =IF(ABS(C37)>Band_5+0.000000000001,A37,-1) -> 6 | K37: =IF(ABS(D37)>Band_10+0.000000000001,A37,-1) -> 6 | L37: =IF(ABS(D37)>Band_5+0.000000000001,A37,-1) -> 6 | M37: =IF(ABS(E37)>Band_10+0.000000000001,A37,-1) -> 6 | N37: =IF(ABS(E37)>Band_5+0.000000000001,A37,-1) -> 6 | O37: =IF(ABS(F37)>Band_10+0.000000000001,A37,-1) -> -1 | P37: =IF(ABS(F37)>Band_5+0.000000000001,A37,-1) -> 6 | Q37: =ABS(D37) -> 78.6591 | R37: =IF(AND(A37>=$B$16,A37<=$B$16+5),D37,1000000000) -> -78.6591
A38: 7 | B38: =Carry_a*B37-Hire_b*$B$9*B36 -> 2.56851 | C38: =Carry_a*C37-Hire_b*$B$10*C36 -> -19.93329 | D38: =Carry_a*D37-Hire_b*$B$11*D36 -> -57.01509 | E38: =Carry_a*E37-Hire_b*$B$12*E36 -> -62.00145 | F38: =Carry_a*F37-Hire_b*$B$13*F36 -> -2.9893556 | G38: =IF(ABS(B38)>Band_10+0.000000000001,A38,-1) -> -1 | H38: =IF(ABS(B38)>Band_5+0.000000000001,A38,-1) -> -1 | I38: =IF(ABS(C38)>Band_10+0.000000000001,A38,-1) -> 7 | J38: =IF(ABS(C38)>Band_5+0.000000000001,A38,-1) -> 7 | K38: =IF(ABS(D38)>Band_10+0.000000000001,A38,-1) -> 7 | L38: =IF(ABS(D38)>Band_5+0.000000000001,A38,-1) -> 7 | M38: =IF(ABS(E38)>Band_10+0.000000000001,A38,-1) -> 7 | N38: =IF(ABS(E38)>Band_5+0.000000000001,A38,-1) -> 7 | O38: =IF(ABS(F38)>Band_10+0.000000000001,A38,-1) -> -1 | P38: =IF(ABS(F38)>Band_5+0.000000000001,A38,-1) -> -1 | Q38: =ABS(D38) -> 57.01509 | R38: =IF(AND(A38>=$B$16,A38<=$B$16+5),D38,1000000000) -> -57.01509
A39: 8 | B39: =Carry_a*B38-Hire_b*$B$9*B37 -> 1.042389 | C39: =Carry_a*C38-Hire_b*$B$10*C37 -> -12.135501 | D39: =Carry_a*D38-Hire_b*$B$11*D37 -> 19.479609 | E39: =Carry_a*E38-Hire_b*$B$12*E37 -> 95.127939 | F39: =Carry_a*F38-Hire_b*$B$13*F37 -> -1.5133613 | G39: =IF(ABS(B39)>Band_10+0.000000000001,A39,-1) -> -1 | H39: =IF(ABS(B39)>Band_5+0.000000000001,A39,-1) -> -1 | I39: =IF(ABS(C39)>Band_10+0.000000000001,A39,-1) -> 8 | J39: =IF(ABS(C39)>Band_5+0.000000000001,A39,-1) -> 8 | K39: =IF(ABS(D39)>Band_10+0.000000000001,A39,-1) -> 8 | L39: =IF(ABS(D39)>Band_5+0.000000000001,A39,-1) -> 8 | M39: =IF(ABS(E39)>Band_10+0.000000000001,A39,-1) -> 8 | N39: =IF(ABS(E39)>Band_5+0.000000000001,A39,-1) -> 8 | O39: =IF(ABS(F39)>Band_10+0.000000000001,A39,-1) -> -1 | P39: =IF(ABS(F39)>Band_5+0.000000000001,A39,-1) -> -1 | Q39: =ABS(D39) -> 19.479609 | R39: =IF(AND(A39>=$B$16,A39<=$B$16+5),D39,1000000000) -> 19.479609
A40: 9 | B40: =Carry_a*B39-Hire_b*$B$9*B38 -> 0.1675971 | C40: =Carry_a*C39-Hire_b*$B$10*C38 -> 1.0380231 | D40: =Carry_a*D39-Hire_b*$B$11*D38 -> 68.845229 | E40: =Carry_a*E39-Hire_b*$B$12*E38 -> 152.57671 | F40: =Carry_a*F39-Hire_b*$B$13*F38 -> -0.75668064 | G40: =IF(ABS(B40)>Band_10+0.000000000001,A40,-1) -> -1 | H40: =IF(ABS(B40)>Band_5+0.000000000001,A40,-1) -> -1 | I40: =IF(ABS(C40)>Band_10+0.000000000001,A40,-1) -> -1 | J40: =IF(ABS(C40)>Band_5+0.000000000001,A40,-1) -> -1 | K40: =IF(ABS(D40)>Band_10+0.000000000001,A40,-1) -> 9 | L40: =IF(ABS(D40)>Band_5+0.000000000001,A40,-1) -> 9 | M40: =IF(ABS(E40)>Band_10+0.000000000001,A40,-1) -> 9 | N40: =IF(ABS(E40)>Band_5+0.000000000001,A40,-1) -> 9 | O40: =IF(ABS(F40)>Band_10+0.000000000001,A40,-1) -> -1 | P40: =IF(ABS(F40)>Band_5+0.000000000001,A40,-1) -> -1 | Q40: =ABS(D40) -> 68.845229 | R40: =IF(AND(A40>=$B$16,A40<=$B$16+5),D40,1000000000) -> 1000000000
A41: 10 | B41: =Carry_a*B40-Hire_b*$B$9*B39 -> -0.16187931 | C41: =Carry_a*C40-Hire_b*$B$10*C39 -> 8.2155214 | D41: =Carry_a*D40-Hire_b*$B$11*D39 -> 44.429058 | E41: =Carry_a*E40-Hire_b*$B$12*E39 -> 34.580866 | F41: =Carry_a*F40-Hire_b*$B$13*F39 -> -0.37455692 | G41: =IF(ABS(B41)>Band_10+0.000000000001,A41,-1) -> -1 | H41: =IF(ABS(B41)>Band_5+0.000000000001,A41,-1) -> -1 | I41: =IF(ABS(C41)>Band_10+0.000000000001,A41,-1) -> -1 | J41: =IF(ABS(C41)>Band_5+0.000000000001,A41,-1) -> 10 | K41: =IF(ABS(D41)>Band_10+0.000000000001,A41,-1) -> 10 | L41: =IF(ABS(D41)>Band_5+0.000000000001,A41,-1) -> 10 | M41: =IF(ABS(E41)>Band_10+0.000000000001,A41,-1) -> 10 | N41: =IF(ABS(E41)>Band_5+0.000000000001,A41,-1) -> 10 | O41: =IF(ABS(F41)>Band_10+0.000000000001,A41,-1) -> -1 | P41: =IF(ABS(F41)>Band_5+0.000000000001,A41,-1) -> -1 | Q41: =ABS(D41) -> 44.429058 | R41: =IF(AND(A41>=$B$16,A41<=$B$16+5),D41,1000000000) -> 1000000000
A42: 11 | B42: =Carry_a*B41-Hire_b*$B$9*B40 -> -0.19597051 | C42: =Carry_a*C41-Hire_b*$B$10*C40 -> 6.7711554 | D42: =Carry_a*D41-Hire_b*$B$11*D40 -> -21.974554 | E42: =Carry_a*E41-Hire_b*$B$12*E40 -> -133.66007 | F42: =Carry_a*F41-Hire_b*$B$13*F40 -> -0.1838734 | G42: =IF(ABS(B42)>Band_10+0.000000000001,A42,-1) -> -1 | H42: =IF(ABS(B42)>Band_5+0.000000000001,A42,-1) -> -1 | I42: =IF(ABS(C42)>Band_10+0.000000000001,A42,-1) -> -1 | J42: =IF(ABS(C42)>Band_5+0.000000000001,A42,-1) -> 11 | K42: =IF(ABS(D42)>Band_10+0.000000000001,A42,-1) -> 11 | L42: =IF(ABS(D42)>Band_5+0.000000000001,A42,-1) -> 11 | M42: =IF(ABS(E42)>Band_10+0.000000000001,A42,-1) -> 11 | N42: =IF(ABS(E42)>Band_5+0.000000000001,A42,-1) -> 11 | O42: =IF(ABS(F42)>Band_10+0.000000000001,A42,-1) -> -1 | P42: =IF(ABS(F42)>Band_5+0.000000000001,A42,-1) -> -1 | Q42: =ABS(D42) -> 21.974554 | R42: =IF(AND(A42>=$B$16,A42<=$B$16+5),D42,1000000000) -> 1000000000
A43: 12 | B43: =Carry_a*B42-Hire_b*$B$9*B41 -> -0.12780967 | C43: =Carry_a*C42-Hire_b*$B$10*C41 -> 1.164727 | D43: =Carry_a*D42-Hire_b*$B$11*D41 -> -59.763251 | E43: =Carry_a*E42-Hire_b*$B$12*E41 -> -157.6414 | F43: =Carry_a*F42-Hire_b*$B$13*F41 -> -0.089638281 | G43: =IF(ABS(B43)>Band_10+0.000000000001,A43,-1) -> -1 | H43: =IF(ABS(B43)>Band_5+0.000000000001,A43,-1) -> -1 | I43: =IF(ABS(C43)>Band_10+0.000000000001,A43,-1) -> -1 | J43: =IF(ABS(C43)>Band_5+0.000000000001,A43,-1) -> -1 | K43: =IF(ABS(D43)>Band_10+0.000000000001,A43,-1) -> 12 | L43: =IF(ABS(D43)>Band_5+0.000000000001,A43,-1) -> 12 | M43: =IF(ABS(E43)>Band_10+0.000000000001,A43,-1) -> 12 | N43: =IF(ABS(E43)>Band_5+0.000000000001,A43,-1) -> 12 | O43: =IF(ABS(F43)>Band_10+0.000000000001,A43,-1) -> -1 | P43: =IF(ABS(F43)>Band_5+0.000000000001,A43,-1) -> -1 | Q43: =ABS(D43) -> 59.763251 | R43: =IF(AND(A43>=$B$16,A43<=$B$16+5),D43,1000000000) -> 1000000000
A44: 13 | B44: =Carry_a*B43-Hire_b*$B$9*B42 -> -0.056237546 | C44: =Carry_a*C43-Hire_b*$B$10*C42 -> -3.0144389 | D44: =Carry_a*D43-Hire_b*$B$11*D42 -> -34.009827 | E44: =Carry_a*E43-Hire_b*$B$12*E42 -> 2.4756169 | F44: =Carry_a*F43-Hire_b*$B$13*F42 -> -0.04344009 | G44: =IF(ABS(B44)>Band_10+0.000000000001,A44,-1) -> -1 | H44: =IF(ABS(B44)>Band_5+0.000000000001,A44,-1) -> -1 | I44: =IF(ABS(C44)>Band_10+0.000000000001,A44,-1) -> -1 | J44: =IF(ABS(C44)>Band_5+0.000000000001,A44,-1) -> -1 | K44: =IF(ABS(D44)>Band_10+0.000000000001,A44,-1) -> 13 | L44: =IF(ABS(D44)>Band_5+0.000000000001,A44,-1) -> 13 | M44: =IF(ABS(E44)>Band_10+0.000000000001,A44,-1) -> -1 | N44: =IF(ABS(E44)>Band_5+0.000000000001,A44,-1) -> -1 | O44: =IF(ABS(F44)>Band_10+0.000000000001,A44,-1) -> -1 | P44: =IF(ABS(F44)>Band_5+0.000000000001,A44,-1) -> -1 | Q44: =ABS(D44) -> 34.009827 | R44: =IF(AND(A44>=$B$16,A44<=$B$16+5),D44,1000000000) -> 1000000000
... A111: 80 | B111: =Carry_a*B110-Hire_b*$B$9*B109 -> 1.9286189e-19 | C111: =Carry_a*C110-Hire_b*$B$10*C109 -> -1.6399051e-07 | D111: =Carry_a*D110-Hire_b*$B$11*D109 -> 1.1586313 | E111: =Carry_a*E110-Hire_b*$B$12*E109 -> -350.88768 | F111: =Carry_a*F110-Hire_b*$B$13*F109 -> -1.4638148e-24 | G111: =IF(ABS(B111)>Band_10+0.000000000001,A111,-1) -> -1 | H111: =IF(ABS(B111)>Band_5+0.000000000001,A111,-1) -> -1 | I111: =IF(ABS(C111)>Band_10+0.000000000001,A111,-1) -> -1 | J111: =IF(ABS(C111)>Band_5+0.000000000001,A111,-1) -> -1 | K111: =IF(ABS(D111)>Band_10+0.000000000001,A111,-1) -> -1 | L111: =IF(ABS(D111)>Band_5+0.000000000001,A111,-1) -> -1 | M111: =IF(ABS(E111)>Band_10+0.000000000001,A111,-1) -> 80 | N111: =IF(ABS(E111)>Band_5+0.000000000001,A111,-1) -> 80 | O111: =IF(ABS(F111)>Band_10+0.000000000001,A111,-1) -> -1 | P111: =IF(ABS(F111)>Band_5+0.000000000001,A111,-1) -> -1 | Q111: =ABS(D111) -> 1.1586313 | R111: =IF(AND(A111>=$B$16,A111<=$B$16+5),D111,1000000000) -> 1000000000

Sheet GainBench
A1: Sweep the gain bench, then tune the tuner (Theorem 7.5(i); Table 7.4; Figure 7.2; Online Appendix 7.B.8; AXIOM Lab 1.7, step 4)
A3: Gain | B3: Coefficient without the delay | C3: Regime (Table 7.4) | D3: a^2 - 4 b gamma | E3: Modulus with the delay | F3: With the delay
A4: -0.25 | B4: =Carry_a-Hire_b*A4 -> 1.05 | C4: =IF(B4>=1,"divergence persists: undercorrection",IF(B4>0.000000000001,"steady convergence: calibrated steering",IF(B4>=-0.000000000001,"one step: deadbeat",IF(B4>-1+0.000000000001,"damped swings: aggressive but stable","growing swings: overcorrection")))) -> divergence persists: undercorrection | D4: =Carry_a^2-4*Hire_b*A4 -> 1.41 | E4: =IF(D4<-0.000000000001,SQRT(Hire_b*A4),MAX(ABS((Carry_a+SQRT(MAX(D4,0)))/2),ABS((Carry_a-SQRT(MAX(D4,0)))/2))) -> 1.0437171 | F4: =IF(ABS(E4-1)<0.000000001,"on the circle: cycles that neither die out nor grow",IF(E4>1,IF(D4<-0.000000000001,"cycles that grow","diverges"),IF(D4<-0.000000000001,"damped cycles","settles without cycling"))) -> diverges
A5: 0 | B5: =Carry_a-Hire_b*A5 -> 0.9 | C5: =IF(B5>=1,"divergence persists: undercorrection",IF(B5>0.000000000001,"steady convergence: calibrated steering",IF(B5>=-0.000000000001,"one step: deadbeat",IF(B5>-1+0.000000000001,"damped swings: aggressive but stable","growing swings: overcorrection")))) -> steady convergence: calibrated steering | D5: =Carry_a^2-4*Hire_b*A5 -> 0.81 | E5: =IF(D5<-0.000000000001,SQRT(Hire_b*A5),MAX(ABS((Carry_a+SQRT(MAX(D5,0)))/2),ABS((Carry_a-SQRT(MAX(D5,0)))/2))) -> 0.9 | F5: =IF(ABS(E5-1)<0.000000001,"on the circle: cycles that neither die out nor grow",IF(E5>1,IF(D5<-0.000000000001,"cycles that grow","diverges"),IF(D5<-0.000000000001,"damped cycles","settles without cycling"))) -> settles without cycling
A6: 0.25 | B6: =Carry_a-Hire_b*A6 -> 0.75 | C6: =IF(B6>=1,"divergence persists: undercorrection",IF(B6>0.000000000001,"steady convergence: calibrated steering",IF(B6>=-0.000000000001,"one step: deadbeat",IF(B6>-1+0.000000000001,"damped swings: aggressive but stable","growing swings: overcorrection")))) -> steady convergence: calibrated steering | D6: =Carry_a^2-4*Hire_b*A6 -> 0.21 | E6: =IF(D6<-0.000000000001,SQRT(Hire_b*A6),MAX(ABS((Carry_a+SQRT(MAX(D6,0)))/2),ABS((Carry_a-SQRT(MAX(D6,0)))/2))) -> 0.67912878 | F6: =IF(ABS(E6-1)<0.000000001,"on the circle: cycles that neither die out nor grow",IF(E6>1,IF(D6<-0.000000000001,"cycles that grow","diverges"),IF(D6<-0.000000000001,"damped cycles","settles without cycling"))) -> settles without cycling
A7: =Gain_merged -> 0.3375 | B7: =Carry_a-Hire_b*A7 -> 0.6975 | C7: =IF(B7>=1,"divergence persists: undercorrection",IF(B7>0.000000000001,"steady convergence: calibrated steering",IF(B7>=-0.000000000001,"one step: deadbeat",IF(B7>-1+0.000000000001,"damped swings: aggressive but stable","growing swings: overcorrection")))) -> steady convergence: calibrated steering | D7: =Carry_a^2-4*Hire_b*A7 -> 0 | E7: =IF(D7<-0.000000000001,SQRT(Hire_b*A7),MAX(ABS((Carry_a+SQRT(MAX(D7,0)))/2),ABS((Carry_a-SQRT(MAX(D7,0)))/2))) -> 0.45 | F7: =IF(ABS(E7-1)<0.000000001,"on the circle: cycles that neither die out nor grow",IF(E7>1,IF(D7<-0.000000000001,"cycles that grow","diverges"),IF(D7<-0.000000000001,"damped cycles","settles without cycling"))) -> settles without cycling
A8: 0.5 | B8: =Carry_a-Hire_b*A8 -> 0.6 | C8: =IF(B8>=1,"divergence persists: undercorrection",IF(B8>0.000000000001,"steady convergence: calibrated steering",IF(B8>=-0.000000000001,"one step: deadbeat",IF(B8>-1+0.000000000001,"damped swings: aggressive but stable","growing swings: overcorrection")))) -> steady convergence: calibrated steering | D8: =Carry_a^2-4*Hire_b*A8 -> -0.39 | E8: =IF(D8<-0.000000000001,SQRT(Hire_b*A8),MAX(ABS((Carry_a+SQRT(MAX(D8,0)))/2),ABS((Carry_a-SQRT(MAX(D8,0)))/2))) -> 0.54772256 | F8: =IF(ABS(E8-1)<0.000000001,"on the circle: cycles that neither die out nor grow",IF(E8>1,IF(D8<-0.000000000001,"cycles that grow","diverges"),IF(D8<-0.000000000001,"damped cycles","settles without cycling"))) -> damped cycles
A9: 0.75 | B9: =Carry_a-Hire_b*A9 -> 0.45 | C9: =IF(B9>=1,"divergence persists: undercorrection",IF(B9>0.000000000001,"steady convergence: calibrated steering",IF(B9>=-0.000000000001,"one step: deadbeat",IF(B9>-1+0.000000000001,"damped swings: aggressive but stable","growing swings: overcorrection")))) -> steady convergence: calibrated steering | D9: =Carry_a^2-4*Hire_b*A9 -> -0.99 | E9: =IF(D9<-0.000000000001,SQRT(Hire_b*A9),MAX(ABS((Carry_a+SQRT(MAX(D9,0)))/2),ABS((Carry_a-SQRT(MAX(D9,0)))/2))) -> 0.67082039 | F9: =IF(ABS(E9-1)<0.000000001,"on the circle: cycles that neither die out nor grow",IF(E9>1,IF(D9<-0.000000000001,"cycles that grow","diverges"),IF(D9<-0.000000000001,"damped cycles","settles without cycling"))) -> damped cycles
A10: 1 | B10: =Carry_a-Hire_b*A10 -> 0.3 | C10: =IF(B10>=1,"divergence persists: undercorrection",IF(B10>0.000000000001,"steady convergence: calibrated steering",IF(B10>=-0.000000000001,"one step: deadbeat",IF(B10>-1+0.000000000001,"damped swings: aggressive but stable","growing swings: overcorrection")))) -> steady convergence: calibrated steering | D10: =Carry_a^2-4*Hire_b*A10 -> -1.59 | E10: =IF(D10<-0.000000000001,SQRT(Hire_b*A10),MAX(ABS((Carry_a+SQRT(MAX(D10,0)))/2),ABS((Carry_a-SQRT(MAX(D10,0)))/2))) -> 0.77459667 | F10: =IF(ABS(E10-1)<0.000000001,"on the circle: cycles that neither die out nor grow",IF(E10>1,IF(D10<-0.000000000001,"cycles that grow","diverges"),IF(D10<-0.000000000001,"damped cycles","settles without cycling"))) -> damped cycles
A11: 1.25 | B11: =Carry_a-Hire_b*A11 -> 0.15 | C11: =IF(B11>=1,"divergence persists: undercorrection",IF(B11>0.000000000001,"steady convergence: calibrated steering",IF(B11>=-0.000000000001,"one step: deadbeat",IF(B11>-1+0.000000000001,"damped swings: aggressive but stable","growing swings: overcorrection")))) -> steady convergence: calibrated steering | D11: =Carry_a^2-4*Hire_b*A11 -> -2.19 | E11: =IF(D11<-0.000000000001,SQRT(Hire_b*A11),MAX(ABS((Carry_a+SQRT(MAX(D11,0)))/2),ABS((Carry_a-SQRT(MAX(D11,0)))/2))) -> 0.8660254 | F11: =IF(ABS(E11-1)<0.000000001,"on the circle: cycles that neither die out nor grow",IF(E11>1,IF(D11<-0.000000000001,"cycles that grow","diverges"),IF(D11<-0.000000000001,"damped cycles","settles without cycling"))) -> damped cycles
A12: 1.5 | B12: =Carry_a-Hire_b*A12 -> 0 | C12: =IF(B12>=1,"divergence persists: undercorrection",IF(B12>0.000000000001,"steady convergence: calibrated steering",IF(B12>=-0.000000000001,"one step: deadbeat",IF(B12>-1+0.000000000001,"damped swings: aggressive but stable","growing swings: overcorrection")))) -> one step: deadbeat | D12: =Carry_a^2-4*Hire_b*A12 -> -2.79 | E12: =IF(D12<-0.000000000001,SQRT(Hire_b*A12),MAX(ABS((Carry_a+SQRT(MAX(D12,0)))/2),ABS((Carry_a-SQRT(MAX(D12,0)))/2))) -> 0.9486833 | F12: =IF(ABS(E12-1)<0.000000001,"on the circle: cycles that neither die out nor grow",IF(E12>1,IF(D12<-0.000000000001,"cycles that grow","diverges"),IF(D12<-0.000000000001,"damped cycles","settles without cycling"))) -> damped cycles
A13: =1/Hire_b -> 1.6666667 | B13: =Carry_a-Hire_b*A13 -> -0.1 | C13: =IF(B13>=1,"divergence persists: undercorrection",IF(B13>0.000000000001,"steady convergence: calibrated steering",IF(B13>=-0.000000000001,"one step: deadbeat",IF(B13>-1+0.000000000001,"damped swings: aggressive but stable","growing swings: overcorrection")))) -> damped swings: aggressive but stable | D13: =Carry_a^2-4*Hire_b*A13 -> -3.19 | E13: =IF(D13<-0.000000000001,SQRT(Hire_b*A13),MAX(ABS((Carry_a+SQRT(MAX(D13,0)))/2),ABS((Carry_a-SQRT(MAX(D13,0)))/2))) -> 1 | F13: =IF(ABS(E13-1)<0.000000001,"on the circle: cycles that neither die out nor grow",IF(E13>1,IF(D13<-0.000000000001,"cycles that grow","diverges"),IF(D13<-0.000000000001,"damped cycles","settles without cycling"))) -> on the circle: cycles that neither die out nor grow
A14: 1.8 | B14: =Carry_a-Hire_b*A14 -> -0.18 | C14: =IF(B14>=1,"divergence persists: undercorrection",IF(B14>0.000000000001,"steady convergence: calibrated steering",IF(B14>=-0.000000000001,"one step: deadbeat",IF(B14>-1+0.000000000001,"damped swings: aggressive but stable","growing swings: overcorrection")))) -> damped swings: aggressive but stable | D14: =Carry_a^2-4*Hire_b*A14 -> -3.51 | E14: =IF(D14<-0.000000000001,SQRT(Hire_b*A14),MAX(ABS((Carry_a+SQRT(MAX(D14,0)))/2),ABS((Carry_a-SQRT(MAX(D14,0)))/2))) -> 1.0392305 | F14: =IF(ABS(E14-1)<0.000000001,"on the circle: cycles that neither die out nor grow",IF(E14>1,IF(D14<-0.000000000001,"cycles that grow","diverges"),IF(D14<-0.000000000001,"damped cycles","settles without cycling"))) -> cycles that grow
A15: 2 | B15: =Carry_a-Hire_b*A15 -> -0.3 | C15: =IF(B15>=1,"divergence persists: undercorrection",IF(B15>0.000000000001,"steady convergence: calibrated steering",IF(B15>=-0.000000000001,"one step: deadbeat",IF(B15>-1+0.000000000001,"damped swings: aggressive but stable","growing swings: overcorrection")))) -> damped swings: aggressive but stable | D15: =Carry_a^2-4*Hire_b*A15 -> -3.99 | E15: =IF(D15<-0.000000000001,SQRT(Hire_b*A15),MAX(ABS((Carry_a+SQRT(MAX(D15,0)))/2),ABS((Carry_a-SQRT(MAX(D15,0)))/2))) -> 1.0954451 | F15: =IF(ABS(E15-1)<0.000000001,"on the circle: cycles that neither die out nor grow",IF(E15>1,IF(D15<-0.000000000001,"cycles that grow","diverges"),IF(D15<-0.000000000001,"damped cycles","settles without cycling"))) -> cycles that grow
A16: 2.5 | B16: =Carry_a-Hire_b*A16 -> -0.6 | C16: =IF(B16>=1,"divergence persists: undercorrection",IF(B16>0.000000000001,"steady convergence: calibrated steering",IF(B16>=-0.000000000001,"one step: deadbeat",IF(B16>-1+0.000000000001,"damped swings: aggressive but stable","growing swings: overcorrection")))) -> damped swings: aggressive but stable | D16: =Carry_a^2-4*Hire_b*A16 -> -5.19 | E16: =IF(D16<-0.000000000001,SQRT(Hire_b*A16),MAX(ABS((Carry_a+SQRT(MAX(D16,0)))/2),ABS((Carry_a-SQRT(MAX(D16,0)))/2))) -> 1.2247449 | F16: =IF(ABS(E16-1)<0.000000001,"on the circle: cycles that neither die out nor grow",IF(E16>1,IF(D16<-0.000000000001,"cycles that grow","diverges"),IF(D16<-0.000000000001,"damped cycles","settles without cycling"))) -> cycles that grow
A17: 3 | B17: =Carry_a-Hire_b*A17 -> -0.9 | C17: =IF(B17>=1,"divergence persists: undercorrection",IF(B17>0.000000000001,"steady convergence: calibrated steering",IF(B17>=-0.000000000001,"one step: deadbeat",IF(B17>-1+0.000000000001,"damped swings: aggressive but stable","growing swings: overcorrection")))) -> damped swings: aggressive but stable | D17: =Carry_a^2-4*Hire_b*A17 -> -6.39 | E17: =IF(D17<-0.000000000001,SQRT(Hire_b*A17),MAX(ABS((Carry_a+SQRT(MAX(D17,0)))/2),ABS((Carry_a-SQRT(MAX(D17,0)))/2))) -> 1.3416408 | F17: =IF(ABS(E17-1)<0.000000001,"on the circle: cycles that neither die out nor grow",IF(E17>1,IF(D17<-0.000000000001,"cycles that grow","diverges"),IF(D17<-0.000000000001,"damped cycles","settles without cycling"))) -> cycles that grow
A18: =(Carry_a+1)/Hire_b -> 3.1666667 | B18: =Carry_a-Hire_b*A18 -> -1 | C18: =IF(B18>=1,"divergence persists: undercorrection",IF(B18>0.000000000001,"steady convergence: calibrated steering",IF(B18>=-0.000000000001,"one step: deadbeat",IF(B18>-1+0.000000000001,"damped swings: aggressive but stable","growing swings: overcorrection")))) -> growing swings: overcorrection | D18: =Carry_a^2-4*Hire_b*A18 -> -6.79 | E18: =IF(D18<-0.000000000001,SQRT(Hire_b*A18),MAX(ABS((Carry_a+SQRT(MAX(D18,0)))/2),ABS((Carry_a-SQRT(MAX(D18,0)))/2))) -> 1.3784049 | F18: =IF(ABS(E18-1)<0.000000001,"on the circle: cycles that neither die out nor grow",IF(E18>1,IF(D18<-0.000000000001,"cycles that grow","diverges"),IF(D18<-0.000000000001,"damped cycles","settles without cycling"))) -> cycles that grow
A19: 3.5 | B19: =Carry_a-Hire_b*A19 -> -1.2 | C19: =IF(B19>=1,"divergence persists: undercorrection",IF(B19>0.000000000001,"steady convergence: calibrated steering",IF(B19>=-0.000000000001,"one step: deadbeat",IF(B19>-1+0.000000000001,"damped swings: aggressive but stable","growing swings: overcorrection")))) -> growing swings: overcorrection | D19: =Carry_a^2-4*Hire_b*A19 -> -7.59 | E19: =IF(D19<-0.000000000001,SQRT(Hire_b*A19),MAX(ABS((Carry_a+SQRT(MAX(D19,0)))/2),ABS((Carry_a-SQRT(MAX(D19,0)))/2))) -> 1.4491377 | F19: =IF(ABS(E19-1)<0.000000001,"on the circle: cycles that neither die out nor grow",IF(E19>1,IF(D19<-0.000000000001,"cycles that grow","diverges"),IF(D19<-0.000000000001,"damped cycles","settles without cycling"))) -> cycles that grow
A21: Figure 7.2 places these eigenvalues against the unit circle: without the delay the coefficient a - b gamma; with it, a complex pair of modulus sqrt(b gamma). The delay halves the safe range.
A23: The committee that retunes its rule (Online Appendix 7.B.8) | B23: Value | C23: Reading
A24: Outer coefficient 1 - b eta | B24: =1-Hire_b*Eta_retune -> -1.1 | C24: -1.1 at eta = 3.5: growing swings
A25: Steady convergence on the deadbeat gain for eta below 1 / b | B25: =1/Hire_b -> 1.6666667 | C25: 1.67
A26: Growing swings in the rule itself for eta above 2 / b | B26: =2/Hire_b -> 3.3333333 | C26: 3.33
A28: Review j | B28: Gain gamma_j | C28: Carry-over ratio d(j+1)/d(j) = a - b gamma_j | D28: Inside the inner loop's stable range? | E28: First review outside
A29: 0 | B29: =Gain_start -> 0.5 | C29: =Carry_a-Hire_b*B29 -> 0.6 | D29: =IF(AND(B29>Gains!$B$4,B29<Gains!$B$6),1,0) -> 1 | E29: =IF(D29=0,A29,99) -> 99
A30: 1 | B30: =B29+Eta_retune*C29 -> 2.6 | C30: =Carry_a-Hire_b*B30 -> -0.66 | D30: =IF(AND(B30>Gains!$B$4,B30<Gains!$B$6),1,0) -> 1 | E30: =IF(D30=0,A30,99) -> 99
A31: 2 | B31: =B30+Eta_retune*C30 -> 0.29 | C31: =Carry_a-Hire_b*B31 -> 0.726 | D31: =IF(AND(B31>Gains!$B$4,B31<Gains!$B$6),1,0) -> 1 | E31: =IF(D31=0,A31,99) -> 99
A32: 3 | B32: =B31+Eta_retune*C31 -> 2.831 | C32: =Carry_a-Hire_b*B32 -> -0.7986 | D32: =IF(AND(B32>Gains!$B$4,B32<Gains!$B$6),1,0) -> 1 | E32: =IF(D32=0,A32,99) -> 99
A33: 4 | B33: =B32+Eta_retune*C32 -> 0.0359 | C33: =Carry_a-Hire_b*B33 -> 0.87846 | D33: =IF(AND(B33>Gains!$B$4,B33<Gains!$B$6),1,0) -> 1 | E33: =IF(D33=0,A33,99) -> 99
A34: 5 | B34: =B33+Eta_retune*C33 -> 3.11051 | C34: =Carry_a-Hire_b*B34 -> -0.966306 | D34: =IF(AND(B34>Gains!$B$4,B34<Gains!$B$6),1,0) -> 1 | E34: =IF(D34=0,A34,99) -> 99
A35: 6 | B35: =B34+Eta_retune*C34 -> -0.271561 | C35: =Carry_a-Hire_b*B35 -> 1.0629366 | D35: =IF(AND(B35>Gains!$B$4,B35<Gains!$B$6),1,0) -> 0 | E35: =IF(D35=0,A35,99) -> 6
A37: First review whose gain leaves (-0.17, 3.17) | B37: =MIN(E29:E35) -> 6

Sheet Lyapunov
A1: Certify with a health index: the Lyapunov series P = sum (A')^k Q A^k (Theorem 7.4(iii); Remark 7.1; AXIOM Lab 1.7, step 5)
A2: Each row adds the next term: P(n+1) = A' P(n) A + Q, the partial sums of Remark 7.1's series. For a stable loop they converge to the solution of A' P A - P = -Q, and V(x) = x' P x falls by x' Q x every period.
A3: Loop: deadbeat rule with the delay | B3: column 1 | C3: column 2 | E3: Q | H3: Certificate | I3: Value | J3: Reading | X3: Three-reading company, Q = I | Y3: column 1 | Z3: column 2 | AA3: column 3
A4: row 1 | B4: =Carry_a -> 0.9 | C4: =-Hire_b*Gain_deadbeat -> -0.9 | E4: 1 | F4: 0 | H4: p11 | I4: =B409 -> 13.571429 | X4: P, row 1 | Y4: =Q409 -> 10.297299 | Z4: =R409 -> 4.6069184 | AA4: =S409 -> 0.61728395
A5: row 2 | B5: 1 | C5: 0 | E5: 0 | F5: 1 | H5: p12 | I5: =C409 -> -5.7857143 | X5: P, row 2 | Y5: =R409 -> 4.6069184 | Z5: =T409 -> 5.7025397 | AA5: =U409 -> 0.77160494
H6: p22 | I6: =D409 -> 11.992857 | X6: P, row 3 | Y6: =S409 -> 0.61728395 | Z6: =U409 -> 0.77160494 | AA6: =V409 -> 2.7777778
H7: Largest residual of A' P A - P + Q | I7: =MAX(ABS($B$4*B409*$B$4+$B$4*C409*$B$5+$B$5*C409*$B$4+$B$5*D409*$B$5-B409+$E$4),ABS($B$4*B409*$C$4+$B$4*C409*$C$5+$B$5*C409*$C$4+$B$5*D409*$C$5-C409+$F$4),ABS($C$4*B409*$C$4+$C$4*C409*$C$5+$C$5*C409*$C$4+$C$5*D409*$C$5-D409+$F$5)) -> 0 | J7: zero: P solves the equation
A8: n | B8: p11 | C8: p12 | D8: p22 | H8: Positive definite? (p11 > 0 and det P > 0) | I8: =IF(AND(I4>0,I4*I6-I5^2>0),1,0) -> 1 | J8: 1: V is a health index | P8: n | Q8: p11 | R8: p12 | S8: p13 | T8: p22 | U8: p23 | V8: p33 | X8: Largest residual of A' P A - P + I | Y8: =MAX(ABS(Declarations!$B$20*Y4*Declarations!$B$20+Declarations!$B$20*Z4*Declarations!$B$21+Declarations!$B$20*AA4*Declarations!$B$22+Declarations!$B$21*Y5*Declarations!$B$20+Declarations!$B$21*Z5*Declarations!$B$21+Declarations!$B$21*AA5*Declarations!$B$22+Declarations!$B$22*Y6*Declarations!$B$20+Declarations!$B$22*Z6*Declarations!$B$21+Declarations!$B$22*AA6*Declarations!$B$22-Y4+1),ABS(Declarations!$B$20*Y4*Declarations!$C$20+Declarations!$B$20*Z4*Declarations!$C$21+Declarations!$B$20*AA4*Declarations!$C$22+Declarations!$B$21*Y5*Declarations!$C$20+Declarations!$B$21*Z5*Declarations!$C$21+Declarations!$B$21*AA5*Declarations!$C$22+Declarations!$B$22*Y6*Declarations!$C$20+Declarations!$B$22*Z6*Declarations!$C$21+Declarations!$B$22*AA6*Declarations!$C$22-Z4+0),ABS(Declarations!$B$20*Y4*Declarations!$D$20+Declarations!$B$20*Z4*Declarations!$D$21+Declarations!$B$20*AA4*Declarations!$D$22+Declarations!$B$21*Y5*Declarations!$D$20+Declarations!$B$21*Z5*Declarations!$D$21+Declarations!$B$21*AA5*Declarations!$D$22+Declarations!$B$22*Y6*Declarations!$D$20+Declarations!$B$22*Z6*Declarations!$D$21+Declarations!$B$22*AA6*Declarations!$D$22-AA4+0),ABS(Declarations!$C$20*Y4*Declarations!$B$20+Declarations!$C$20*Z4*Declarations!$B$21+Declarations!$C$20*AA4*Declarations!$B$22+Declarations!$C$21*Y5*Declarations!$B$20+Declarations!$C$21*Z5*Declarations!$B$21+Declarations!$C$21*AA5*Declarations!$B$22+Declarations!$C$22*Y6*Declarations!$B$20+Declarations!$C$22*Z6*Declarations!$B$21+Declarations!$C$22*AA6*Declarations!$B$22-Y5+0),ABS(Declarations!$C$20*Y4*Declarations!$C$20+Declarations!$C$20*Z4*Declarations!$C$21+Declarations!$C$20*AA4*Declarations!$C$22+Declarations!$C$21*Y5*Declarations!$C$20+Declarations!$C$21*Z5*Declarations!$C$21+Declarations!$C$21*AA5*Declarations!$C$22+Declarations!$C$22*Y6*Declarations!$C$20+Declarations!$C$22*Z6*Declarations!$C$21+Declarations!$C$22*AA6*Declarations!$C$22-Z5+1),ABS(Declarations!$C$20*Y4*Declarations!$D$20+Declarations!$C$20*Z4*Declarations!$D$21+Declarations!$C$20*AA4*Declarations!$D$22+Declarations!$C$21*Y5*Declarations!$D$20+Declarations!$C$21*Z5*Declarations!$D$21+Declarations!$C$21*AA5*Declarations!$D$22+Declarations!$C$22*Y6*Declarations!$D$20+Declarations!$C$22*Z6*Declarations!$D$21+Declarations!$C$22*AA6*Declarations!$D$22-AA5+0),ABS(Declarations!$D$20*Y4*Declarations!$B$20+Declarations!$D$20*Z4*Declarations!$B$21+Declarations!$D$20*AA4*Declarations!$B$22+Declarations!$D$21*Y5*Declarations!$B$20+Declarations!$D$21*Z5*Declarations!$B$21+Declarations!$D$21*AA5*Declarations!$B$22+Declarations!$D$22*Y6*Declarations!$B$20+Declarations!$D$22*Z6*Declarations!$B$21+Declarations!$D$22*AA6*Declarations!$B$22-Y6+0),ABS(Declarations!$D$20*Y4*Declarations!$C$20+Declarations!$D$20*Z4*Declarations!$C$21+Declarations!$D$20*AA4*Declarations!$C$22+Declarations!$D$21*Y5*Declarations!$C$20+Declarations!$D$21*Z5*Declarations!$C$21+Declarations!$D$21*AA5*Declarations!$C$22+Declarations!$D$22*Y6*Declarations!$C$20+Declarations!$D$22*Z6*Declarations!$C$21+Declarations!$D$22*AA6*Declarations!$C$22-Z6+0),ABS(Declarations!$D$20*Y4*Declarations!$D$20+Declarations!$D$20*Z4*Declarations!$D$21+Declarations!$D$20*AA4*Declarations!$D$22+Declarations!$D$21*Y5*Declarations!$D$20+Declarations!$D$21*Z5*Declarations!$D$21+Declarations!$D$21*AA5*Declarations!$D$22+Declarations!$D$22*Y6*Declarations!$D$20+Declarations!$D$22*Z6*Declarations!$D$21+Declarations!$D$22*AA6*Declarations!$D$22-AA6+1)) -> 0
A9: 0 | B9: =$E$4 -> 1 | C9: =$F$4 -> 0 | D9: =$F$5 -> 1 | P9: 0 | Q9: =1 -> 1 | R9: =0 -> 0 | S9: =0 -> 0 | T9: =1 -> 1 | U9: =0 -> 0 | V9: =1 -> 1 | X9: Leading minors positive? (P positive definite) | Y9: =IF(AND(Y4>0,Y4*Z5-Z4*Y5>0,MDETERM(Y4:AA6)>0),1,0) -> 1
A10: 1 | B10: =$B$4*B9*$B$4+$B$4*C9*$B$5+$B$5*C9*$B$4+$B$5*D9*$B$5+$E$4 -> 2.81 | C10: =$B$4*B9*$C$4+$B$4*C9*$C$5+$B$5*C9*$C$4+$B$5*D9*$C$5+$F$4 -> -0.81 | D10: =$C$4*B9*$C$4+$C$4*C9*$C$5+$C$5*C9*$C$4+$C$5*D9*$C$5+$F$5 -> 1.81 | H10: Quarter | I10: Gap d(k) | J10: Gap a quarter ago | K10: Scorecard d(k)^2 + d(k-1)^2 | L10: Lyapunov index V | M10: Scorecard rose? | N10: V rose? | P10: 1 | Q10: =Declarations!$B$20*Q9*Declarations!$B$20+Declarations!$B$20*R9*Declarations!$B$21+Declarations!$B$20*S9*Declarations!$B$22+Declarations!$B$21*R9*Declarations!$B$20+Declarations!$B$21*T9*Declarations!$B$21+Declarations!$B$21*U9*Declarations!$B$22+Declarations!$B$22*S9*Declarations!$B$20+Declarations!$B$22*U9*Declarations!$B$21+Declarations!$B$22*V9*Declarations!$B$22+1 -> 1.8225 | R10: =Declarations!$B$20*Q9*Declarations!$C$20+Declarations!$B$20*R9*Declarations!$C$21+Declarations!$B$20*S9*Declarations!$C$22+Declarations!$B$21*R9*Declarations!$C$20+Declarations!$B$21*T9*Declarations!$C$21+Declarations!$B$21*U9*Declarations!$C$22+Declarations!$B$22*S9*Declarations!$C$20+Declarations!$B$22*U9*Declarations!$C$21+Declarations!$B$22*V9*Declarations!$C$22+0 -> 0.135 | S10: =Declarations!$B$20*Q9*Declarations!$D$20+Declarations!$B$20*R9*Declarations!$D$21+Declarations!$B$20*S9*Declarations!$D$22+Declarations!$B$21*R9*Declarations!$D$20+Declarations!$B$21*T9*Declarations!$D$21+Declarations!$B$21*U9*Declarations!$D$22+Declarations!$B$22*S9*Declarations!$D$20+Declarations!$B$22*U9*Declarations!$D$21+Declarations!$B$22*V9*Declarations!$D$22+0 -> 0.04 | T10: =Declarations!$C$20*Q9*Declarations!$C$20+Declarations!$C$20*R9*Declarations!$C$21+Declarations!$C$20*S9*Declarations!$C$22+Declarations!$C$21*R9*Declarations!$C$20+Declarations!$C$21*T9*Declarations!$C$21+Declarations!$C$21*U9*Declarations!$C$22+Declarations!$C$22*S9*Declarations!$C$20+Declarations!$C$22*U9*Declarations!$C$21+Declarations!$C$22*V9*Declarations!$C$22+1 -> 1.735 | U10: =Declarations!$C$20*Q9*Declarations!$D$20+Declarations!$C$20*R9*Declarations!$D$21+Declarations!$C$20*S9*Declarations!$D$22+Declarations!$C$21*R9*Declarations!$D$20+Declarations!$C$21*T9*Declarations!$D$21+Declarations!$C$21*U9*Declarations!$D$22+Declarations!$C$22*S9*Declarations!$D$20+Declarations!$C$22*U9*Declarations!$D$21+Declarations!$C$22*V9*Declarations!$D$22+0 -> 0.08 | V10: =Declarations!$D$20*Q9*Declarations!$D$20+Declarations!$D$20*R9*Declarations!$D$21+Declarations!$D$20*S9*Declarations!$D$22+Declarations!$D$21*R9*Declarations!$D$20+Declarations!$D$21*T9*Declarations!$D$21+Declarations!$D$21*U9*Declarations!$D$22+Declarations!$D$22*S9*Declarations!$D$20+Declarations!$D$22*U9*Declarations!$D$21+Declarations!$D$22*V9*Declarations!$D$22+1 -> 1.64
A11: 2 | B11: =$B$4*B10*$B$4+$B$4*C10*$B$5+$B$5*C10*$B$4+$B$5*D10*$B$5+$E$4 -> 3.6281 | C11: =$B$4*B10*$C$4+$B$4*C10*$C$5+$B$5*C10*$C$4+$B$5*D10*$C$5+$F$4 -> -1.5471 | D11: =$C$4*B10*$C$4+$C$4*C10*$C$5+$C$5*C10*$C$4+$C$5*D10*$C$5+$F$5 -> 3.2761 | H11: 0 | I11: =Gap_d0 -> -100 | J11: 0 | K11: =I11^2+J11^2 -> 10000 | L11: =$I$4*I11^2+2*$I$5*I11*J11+$I$6*J11^2 -> 135714.29 | P11: 2 | Q11: =Declarations!$B$20*Q10*Declarations!$B$20+Declarations!$B$20*R10*Declarations!$B$21+Declarations!$B$20*S10*Declarations!$B$22+Declarations!$B$21*R10*Declarations!$B$20+Declarations!$B$21*T10*Declarations!$B$21+Declarations!$B$21*U10*Declarations!$B$22+Declarations!$B$22*S10*Declarations!$B$20+Declarations!$B$22*U10*Declarations!$B$21+Declarations!$B$22*V10*Declarations!$B$22+1 -> 2.526375 | R11: =Declarations!$B$20*Q10*Declarations!$C$20+Declarations!$B$20*R10*Declarations!$C$21+Declarations!$B$20*S10*Declarations!$C$22+Declarations!$B$21*R10*Declarations!$C$20+Declarations!$B$21*T10*Declarations!$C$21+Declarations!$B$21*U10*Declarations!$C$22+Declarations!$B$22*S10*Declarations!$C$20+Declarations!$B$22*U10*Declarations!$C$21+Declarations!$B$22*V10*Declarations!$C$22+0 -> 0.3495375 | S11: =Declarations!$B$20*Q10*Declarations!$D$20+Declarations!$B$20*R10*Declarations!$D$21+Declarations!$B$20*S10*Declarations!$D$22+Declarations!$B$21*R10*Declarations!$D$20+Declarations!$B$21*T10*Declarations!$D$21+Declarations!$B$21*U10*Declarations!$D$22+Declarations!$B$22*S10*Declarations!$D$20+Declarations!$B$22*U10*Declarations!$D$21+Declarations!$B$22*V10*Declarations!$D$22+0 -> 0.1008 | T11: =Declarations!$C$20*Q10*Declarations!$C$20+Declarations!$C$20*R10*Declarations!$C$21+Declarations!$C$20*S10*Declarations!$C$22+Declarations!$C$21*R10*Declarations!$C$20+Declarations!$C$21*T10*Declarations!$C$21+Declarations!$C$21*U10*Declarations!$C$22+Declarations!$C$22*S10*Declarations!$C$20+Declarations!$C$22*U10*Declarations!$C$21+Declarations!$C$22*V10*Declarations!$C$22+1 -> 2.2999688 | U11: =Declarations!$C$20*Q10*Declarations!$D$20+Declarations!$C$20*R10*Declarations!$D$21+Declarations!$C$20*S10*Declarations!$D$22+Declarations!$C$21*R10*Declarations!$D$20+Declarations!$C$21*T10*Declarations!$D$21+Declarations!$C$21*U10*Declarations!$D$22+Declarations!$C$22*S10*Declarations!$D$20+Declarations!$C$22*U10*Declarations!$D$21+Declarations!$C$22*V10*Declarations!$D$22+0 -> 0.1872 | V11: =Declarations!$D$20*Q10*Declarations!$D$20+Declarations!$D$20*R10*Declarations!$D$21+Declarations!$D$20*S10*Declarations!$D$22+Declarations!$D$21*R10*Declarations!$D$20+Declarations!$D$21*T10*Declarations!$D$21+Declarations!$D$21*U10*Declarations!$D$22+Declarations!$D$22*S10*Declarations!$D$20+Declarations!$D$22*U10*Declarations!$D$21+Declarations!$D$22*V10*Declarations!$D$22+1 -> 2.0496 | X11: Year | Y11: Deviation: capability | Z11: technology | AA11: efficiency | AB11: Sum of squares | AC11: V = e' P e | AD11: Sum rose? | AE11: V rose?
A12: 3 | B12: =$B$4*B11*$B$4+$B$4*C11*$B$5+$B$5*C11*$B$4+$B$5*D11*$B$5+$E$4 -> 4.430081 | C12: =$B$4*B11*$C$4+$B$4*C11*$C$5+$B$5*C11*$C$4+$B$5*D11*$C$5+$F$4 -> -1.546371 | D12: =$C$4*B11*$C$4+$C$4*C11*$C$5+$C$5*C11*$C$4+$C$5*D11*$C$5+$F$5 -> 3.938761 | H12: 1 | I12: =$B$4*I11+$C$4*J11 -> -90 | J12: =$B$5*I11+$C$5*J11 -> -100 | K12: =I12^2+J12^2 -> 18100 | L12: =$I$4*I12^2+2*$I$5*I12*J12+$I$6*J12^2 -> 125714.29 | M12: =IF(K12>K11+0.000000001,1,0) -> 1 | N12: =IF(L12>L11+0.000000001,1,0) -> 0 | P12: 3 | Q12: =Declarations!$B$20*Q11*Declarations!$B$20+Declarations!$B$20*R11*Declarations!$B$21+Declarations!$B$20*S11*Declarations!$B$22+Declarations!$B$21*R11*Declarations!$B$20+Declarations!$B$21*T11*Declarations!$B$21+Declarations!$B$21*U11*Declarations!$B$22+Declarations!$B$22*S11*Declarations!$B$20+Declarations!$B$22*U11*Declarations!$B$21+Declarations!$B$22*V11*Declarations!$B$22+1 -> 3.1483482 | R12: =Declarations!$B$20*Q11*Declarations!$C$20+Declarations!$B$20*R11*Declarations!$C$21+Declarations!$B$20*S11*Declarations!$C$22+Declarations!$B$21*R11*Declarations!$C$20+Declarations!$B$21*T11*Declarations!$C$21+Declarations!$B$21*U11*Declarations!$C$22+Declarations!$B$22*S11*Declarations!$C$20+Declarations!$B$22*U11*Declarations!$C$21+Declarations!$B$22*V11*Declarations!$C$22+0 -> 0.60772809 | S12: =Declarations!$B$20*Q11*Declarations!$D$20+Declarations!$B$20*R11*Declarations!$D$21+Declarations!$B$20*S11*Declarations!$D$22+Declarations!$B$21*R11*Declarations!$D$20+Declarations!$B$21*T11*Declarations!$D$21+Declarations!$B$21*U11*Declarations!$D$22+Declarations!$B$22*S11*Declarations!$D$20+Declarations!$B$22*U11*Declarations!$D$21+Declarations!$B$22*V11*Declarations!$D$22+0 -> 0.169536 | T12: =Declarations!$C$20*Q11*Declarations!$C$20+Declarations!$C$20*R11*Declarations!$C$21+Declarations!$C$20*S11*Declarations!$C$22+Declarations!$C$21*R11*Declarations!$C$20+Declarations!$C$21*T11*Declarations!$C$21+Declarations!$C$21*U11*Declarations!$C$22+Declarations!$C$22*S11*Declarations!$C$20+Declarations!$C$22*U11*Declarations!$C$21+Declarations!$C$22*V11*Declarations!$C$22+1 -> 2.751082 | U12: =Declarations!$C$20*Q11*Declarations!$D$20+Declarations!$C$20*R11*Declarations!$D$21+Declarations!$C$20*S11*Declarations!$D$22+Declarations!$C$21*R11*Declarations!$D$20+Declarations!$C$21*T11*Declarations!$D$21+Declarations!$C$21*U11*Declarations!$D$22+Declarations!$C$22*S11*Declarations!$D$20+Declarations!$C$22*U11*Declarations!$D$21+Declarations!$C$22*V11*Declarations!$D$22+0 -> 0.295296 | V12: =Declarations!$D$20*Q11*Declarations!$D$20+Declarations!$D$20*R11*Declarations!$D$21+Declarations!$D$20*S11*Declarations!$D$22+Declarations!$D$21*R11*Declarations!$D$20+Declarations!$D$21*T11*Declarations!$D$21+Declarations!$D$21*U11*Declarations!$D$22+Declarations!$D$22*S11*Declarations!$D$20+Declarations!$D$22*U11*Declarations!$D$21+Declarations!$D$22*V11*Declarations!$D$22+1 -> 2.311744 | X12: 0 | Y12: =Superposition!H6-PolicyMap!I8 -> -34 | Z12: =Superposition!I6-PolicyMap!I9 -> -32 | AA12: =Superposition!J6-PolicyMap!I10 -> 3 | AB12: =Y12^2+Z12^2+AA12^2 -> 2189 | AC12: =$Y$4*Y12^2+$Z$5*Z12^2+$AA$6*AA12^2+2*$Z$4*Y12*Z12+2*$AA$4*Y12*AA12+2*$AA$5*Z12*AA12 -> 27518.658
